Abeblinkin-MirageRaceway;;
Abraba-PyrewoodVillage;Main;
Abräba-PyrewoodVillage;;
Accepthc-PyrewoodVillage;;
Acrydoodle-PyrewoodVillage;;
Adrenalin-PyrewoodVillage;;
Aelirenn-PyrewoodVillage;Main;
Aelsi-PyrewoodVillage;;
Aethogwyn-PyrewoodVillage;;
Aezula-PyrewoodVillage;;
Agar-NethergardeKeep;Main;
Agie-PyrewoodVillage;;
Agobun-PyrewoodVillage;Alt;Agobunreturn-PyrewoodVillage(main),Agoburn-PyrewoodVillage
Agobunreturn-PyrewoodVillage;Main;Agobun-PyrewoodVillage,Agoburn-PyrewoodVillage
Agoburn-PyrewoodVillage;Alt;Agobun-PyrewoodVillage,Agobunreturn-PyrewoodVillage(main)
Agravanti-NethergardeKeep;Alt;Astalofix-NethergardeKeep,Banksg-NethergardeKeep,Banksgcoin-NethergardeKeep,Banksgherb-NethergardeKeep,Dorant-NethergardeKeep,Gurr-NethergardeKeep,Kuby-NethergardeKeep,Sluger-NethergardeKeep,Zaelofix-NethergardeKeep
Aguar-NethergardeKeep;;
Ahtàk-PyrewoodVillage;Main;
Ailas-MirageRaceway;Main;
Ailbhe-NethergardeKeep;;
Ailia-PyrewoodVillage;Main;
Alari-PyrewoodVillage;;
Alastark-PyrewoodVillage;;
Aldrich-PyrewoodVillage;Main;
Alen-PyrewoodVillage;Alt;David-PyrewoodVillage(main)
Alkisa-MirageRaceway;;
Alonso-PyrewoodVillage;;
Althur-MirageRaceway;Alt;Icehell-MirageRaceway(main)
Amatyst-PyrewoodVillage;;
Ameya-PyrewoodVillage;Main;
Amoq-PyrewoodVillage;Main;
Andae-PyrewoodVillage;Main;
Angelizm-NethergardeKeep;Main;
Anklecutter-MirageRaceway;;
Annika-MirageRaceway;Main;
Annshya-MirageRaceway;Main;
Anqua-PyrewoodVillage;Main;Ravenshade-NethergardeKeep,Ösp-PyrewoodVillage
Anthrix-PyrewoodVillage;;
Apothosis-NethergardeKeep;;
April-NethergardeKeep;;
Aradien-NethergardeKeep;;
Arardes-NethergardeKeep;;
Aratheus-PyrewoodVillage;;
Arcas-PyrewoodVillage;Main;
Ardela-NethergardeKeep;;
Aredhal-PyrewoodVillage;Main;
Arelenda-MirageRaceway;;
Argosy-MirageRaceway;Main;
Ariadne-MirageRaceway;Main;
Ariane-PyrewoodVillage;Alt;Shania-PyrewoodVillage(main)
Arkanía-PyrewoodVillage;Main;
Arlion-PyrewoodVillage;;
Arvid-PyrewoodVillage;;
Asaki-MirageRaceway;Main;
Ashar-NethergardeKeep;;
Asmodel-PyrewoodVillage;Main;
Astalofix-NethergardeKeep;Alt;Agravanti-NethergardeKeep,Banksg-NethergardeKeep,Banksgcoin-NethergardeKeep,Banksgherb-NethergardeKeep,Dorant-NethergardeKeep,Gurr-NethergardeKeep,Kuby-NethergardeKeep,Sluger-NethergardeKeep,Zaelofix-NethergardeKeep
Asuna-NethergardeKeep;Main;
Atara-MirageRaceway;Main;
Atemp-PyrewoodVillage;;
Athelos-PyrewoodVillage;Main;
Athlete-NethergardeKeep;;
Atshki-MirageRaceway;;
Auctionhero-MirageRaceway;Alt;Dalmok-MirageRaceway(main)
Aurorasylva-PyrewoodVillage;Alt;Crépuscula-PyrewoodVillage,Crépusculla-PyrewoodVillage,Féya-PyrewoodVillage
Autofocus-PyrewoodVillage;;
Avada-PyrewoodVillage;;
Avilar-PyrewoodVillage;;
Baconbum-MirageRaceway;Main;
Baerlyn-NethergardeKeep;Main;Wayren-NethergardeKeep
Bajdoffa-PyrewoodVillage;Alt;Bajdoffbank-PyrewoodVillage,Bajdoffe-PyrewoodVillage,Bajdoffp-PyrewoodVillage,Bajdoffpala-PyrewoodVillage,Bajdoffr-PyrewoodVillage,Bajdoffw-PyrewoodVillage,Bajdoffy-PyrewoodVillage(main)
Bajdoffbank-PyrewoodVillage;Alt;Bajdoffa-PyrewoodVillage,Bajdoffe-PyrewoodVillage,Bajdoffp-PyrewoodVillage,Bajdoffpala-PyrewoodVillage,Bajdoffr-PyrewoodVillage,Bajdoffw-PyrewoodVillage,Bajdoffy-PyrewoodVillage(main)
Bajdoffe-PyrewoodVillage;Alt;Bajdoffa-PyrewoodVillage,Bajdoffbank-PyrewoodVillage,Bajdoffp-PyrewoodVillage,Bajdoffpala-PyrewoodVillage,Bajdoffr-PyrewoodVillage,Bajdoffw-PyrewoodVillage,Bajdoffy-PyrewoodVillage(main)
Bajdoffp-PyrewoodVillage;Alt;Bajdoffa-PyrewoodVillage,Bajdoffbank-PyrewoodVillage,Bajdoffe-PyrewoodVillage,Bajdoffpala-PyrewoodVillage,Bajdoffr-PyrewoodVillage,Bajdoffw-PyrewoodVillage,Bajdoffy-PyrewoodVillage(main)
Bajdoffpala-PyrewoodVillage;Alt;Bajdoffa-PyrewoodVillage,Bajdoffbank-PyrewoodVillage,Bajdoffe-PyrewoodVillage,Bajdoffp-PyrewoodVillage,Bajdoffr-PyrewoodVillage,Bajdoffw-PyrewoodVillage,Bajdoffy-PyrewoodVillage(main)
Bajdoffr-PyrewoodVillage;Alt;Bajdoffa-PyrewoodVillage,Bajdoffbank-PyrewoodVillage,Bajdoffe-PyrewoodVillage,Bajdoffp-PyrewoodVillage,Bajdoffpala-PyrewoodVillage,Bajdoffw-PyrewoodVillage,Bajdoffy-PyrewoodVillage(main)
Bajdoffw-PyrewoodVillage;Alt;Bajdoffa-PyrewoodVillage,Bajdoffbank-PyrewoodVillage,Bajdoffe-PyrewoodVillage,Bajdoffp-PyrewoodVillage,Bajdoffpala-PyrewoodVillage,Bajdoffr-PyrewoodVillage,Bajdoffy-PyrewoodVillage(main)
Bajdoffy-PyrewoodVillage;Main;Bajdoffa-PyrewoodVillage,Bajdoffbank-PyrewoodVillage,Bajdoffe-PyrewoodVillage,Bajdoffp-PyrewoodVillage,Bajdoffpala-PyrewoodVillage,Bajdoffr-PyrewoodVillage,Bajdoffw-PyrewoodVillage
Bambina-PyrewoodVillage;;
Banksg-NethergardeKeep;Alt;Agravanti-NethergardeKeep,Astalofix-NethergardeKeep,Banksgcoin-NethergardeKeep,Banksgherb-NethergardeKeep,Dorant-NethergardeKeep,Gurr-NethergardeKeep,Kuby-NethergardeKeep,Sluger-NethergardeKeep,Zaelofix-NethergardeKeep
Banksgcoin-NethergardeKeep;Alt;Agravanti-NethergardeKeep,Astalofix-NethergardeKeep,Banksg-NethergardeKeep,Banksgherb-NethergardeKeep,Dorant-NethergardeKeep,Gurr-NethergardeKeep,Kuby-NethergardeKeep,Sluger-NethergardeKeep,Zaelofix-NethergardeKeep
Banksgherb-NethergardeKeep;Alt;Agravanti-NethergardeKeep,Astalofix-NethergardeKeep,Banksg-NethergardeKeep,Banksgcoin-NethergardeKeep,Dorant-NethergardeKeep,Gurr-NethergardeKeep,Kuby-NethergardeKeep,Sluger-NethergardeKeep,Zaelofix-NethergardeKeep
Banksgleath-NethergardeKeep;;
Banksgore-NethergardeKeep;Main;
Barom-PyrewoodVillage;;
Barsikk-PyrewoodVillage;Alt;Emboukkan-PyrewoodVillage
Bebergamote-PyrewoodVillage;Alt;Bibounne-PyrewoodVillage,Cleanër-PyrewoodVillage,Dhealer-PyrewoodVillage,Petanker-PyrewoodVillage(main)
Beergut-PyrewoodVillage;;
Belesuna-PyrewoodVillage;Alt;Mahulena-PyrewoodVillage
Belgarion-NethergardeKeep;Alt;Elric-NethergardeKeep,Tas-NethergardeKeep,Underhill-NethergardeKeep
Benbrytaren-PyrewoodVillage;Alt;Docenten-MirageRaceway,Fazler-MirageRaceway,Heligebörje-MirageRaceway,Huggaträd-MirageRaceway,Krister-NethergardeKeep,Slåberg-NethergardeKeep,Smulan-PyrewoodVillage
Benkrossaren-PyrewoodVillage;Main;
Bertje-MirageRaceway;Alt;Epke-PyrewoodVillage,Kleinbrein-NethergardeKeep,Okeydokey-PyrewoodVillage,Prikkertje-PyrewoodVillage,Quackery-PyrewoodVillage,Slapjanus-PyrewoodVillage,Slungel-PyrewoodVillage
Bibounne-PyrewoodVillage;Alt;Bebergamote-PyrewoodVillage,Cleanër-PyrewoodVillage,Dhealer-PyrewoodVillage,Petanker-PyrewoodVillage(main)
Birgis-PyrewoodVillage;;
Bish-PyrewoodVillage;Main;
Blixthalka-PyrewoodVillage;Alt;Nannae-PyrewoodVillage(main)
Bloodomenbg-MirageRaceway;;
Bluetoes-PyrewoodVillage;Alt;Snazen-PyrewoodVillage(main)
Bodgenicely-MirageRaceway;;
Bodus-PyrewoodVillage;;
Bolt-MirageRaceway;Alt;Deathwish-MirageRaceway,Joyce-MirageRaceway,Merlina-MirageRaceway,Stormcrow-MirageRaceway(main)
Bonkei-PyrewoodVillage;Main;Hililuk-PyrewoodVillage,Novacore-PyrewoodVillage,Roronoa-PyrewoodVillage,Woozie-PyrewoodVillage
Bonker-NethergardeKeep;Main;Stompson-NethergardeKeep
Boomzitar-PyrewoodVillage;;
Borbelade-NethergardeKeep;;
Boreax-MirageRaceway;Main;Denthor-NethergardeKeep
Botany-NethergardeKeep;;
Botlord-PyrewoodVillage;Main;
Bouboukann-PyrewoodVillage;;
Bozie-PyrewoodVillage;;
Boé-PyrewoodVillage;Main;
Breaker-NethergardeKeep;;
Breathe-NethergardeKeep;;
Brewlord-NethergardeKeep;Main;Captbsmith-NethergardeKeep
Brizer-NethergardeKeep;Main;
Broxingarr-PyrewoodVillage;Main;
Bubblebuns-PyrewoodVillage;;
Bucco-MirageRaceway;Main;
Buglord-PyrewoodVillage;;
Bushi-NethergardeKeep;;
Butterfly-PyrewoodVillage;;
Buttons-PyrewoodVillage;Main;
Bytelock-PyrewoodVillage;Main;
Caitha-PyrewoodVillage;Main;
Cameron-PyrewoodVillage;Main;
Captbsmith-NethergardeKeep;Alt;Brewlord-NethergardeKeep(main)
Carlfranz-PyrewoodVillage;;
Carlfury-PyrewoodVillage;;
Carlight-PyrewoodVillage;;
Cartwheel-PyrewoodVillage;;
Cassie-PyrewoodVillage;Main;
Catschen-PyrewoodVillage;Alt;Lucker-PyrewoodVillage(main)
Cauvin-MirageRaceway;Main;Kilig-MirageRaceway
Ceilie-NethergardeKeep;Alt;Linyera-PyrewoodVillage
Cern-PyrewoodVillage;;
Chancellor-NethergardeKeep;;
Charles-PyrewoodVillage;;
Chillwill-PyrewoodVillage;;
Chirurgu-PyrewoodVillage;;
Cichy-PyrewoodVillage;Alt;Gnomemonster-PyrewoodVillage,Turecki-PyrewoodVillage(main)
Ciinders-MirageRaceway;;
Cinthalee-MirageRaceway;;
Cleanër-PyrewoodVillage;Alt;Bebergamote-PyrewoodVillage,Bibounne-PyrewoodVillage,Dhealer-PyrewoodVillage,Petanker-PyrewoodVillage(main)
Conomara-NethergardeKeep;Main;
Conreal-MirageRaceway;;
Consecrated-PyrewoodVillage;;
Corrai-PyrewoodVillage;Alt;Dawt-PyrewoodVillage,Inkie-PyrewoodVillage,Ivyrayne-PyrewoodVillage,Libbie-PyrewoodVillage,Vishious-PyrewoodVillage
Corto-PyrewoodVillage;Alt;Driel-PyrewoodVillage
Crilly-PyrewoodVillage;;
Crncuga-PyrewoodVillage;Main;
Crocdundee-PyrewoodVillage;;
Cryster-PyrewoodVillage;Main;
Crépuscula-PyrewoodVillage;Alt;Aurorasylva-PyrewoodVillage,Crépusculla-PyrewoodVillage,Féya-PyrewoodVillage
Crépusculla-PyrewoodVillage;Alt;Aurorasylva-PyrewoodVillage,Crépuscula-PyrewoodVillage,Féya-PyrewoodVillage
Cuddlypoof-NethergardeKeep;Main;
Curise-NethergardeKeep;Alt;Natureheals-NethergardeKeep
Cyrene-PyrewoodVillage;Main;
Czarownik-NethergardeKeep;;
Dajguze-PyrewoodVillage;;
Dalgren-PyrewoodVillage;Alt;Enkidu-PyrewoodVillage,Ilira-PyrewoodVillage,Kaim-PyrewoodVillage,Miljac-PyrewoodVillage
Dalmok-MirageRaceway;Main;Auctionhero-MirageRaceway
Damagecase-PyrewoodVillage;Main;Implifier-PyrewoodVillage
Dancer-MirageRaceway;;
Darac-PyrewoodVillage;;
Darek-NethergardeKeep;Main;Darkowiak-NethergardeKeep
Daria-PyrewoodVillage;Main;
Dariola-PyrewoodVillage;Main;
Darkage-PyrewoodVillage;Main;Lexi-PyrewoodVillage
Darknessevil-MirageRaceway;Main;
Darkowiak-NethergardeKeep;Alt;Darek-NethergardeKeep(main)
David-PyrewoodVillage;Main;Alen-PyrewoodVillage
Dawt-PyrewoodVillage;Alt;Corrai-PyrewoodVillage,Inkie-PyrewoodVillage,Ivyrayne-PyrewoodVillage,Libbie-PyrewoodVillage,Vishious-PyrewoodVillage
Day-MirageRaceway;Main;
Deadly-PyrewoodVillage;Alt;Deadlygun-PyrewoodVillage
Deadlygun-PyrewoodVillage;Alt;Deadly-PyrewoodVillage
Dearg-PyrewoodVillage;;
Deathwish-MirageRaceway;Alt;Bolt-MirageRaceway,Joyce-MirageRaceway,Merlina-MirageRaceway,Stormcrow-MirageRaceway(main)
Deedee-PyrewoodVillage;;
Deepdarkness-PyrewoodVillage;;
Deezr-MirageRaceway;Alt;Deezy-MirageRaceway,Dzfarm-MirageRaceway,Déezy-PyrewoodVillage
Deezy-MirageRaceway;Alt;Deezr-MirageRaceway,Dzfarm-MirageRaceway,Déezy-PyrewoodVillage
Delirio-PyrewoodVillage;;
Deltoïde-PyrewoodVillage;;
Demonhumper-PyrewoodVillage;;
Denthor-NethergardeKeep;Alt;Boreax-MirageRaceway(main)
Derberup-MirageRaceway;Main;
Derien-PyrewoodVillage;;
Dhealer-PyrewoodVillage;Alt;Bebergamote-PyrewoodVillage,Bibounne-PyrewoodVillage,Cleanër-PyrewoodVillage,Petanker-PyrewoodVillage(main)
Dhwain-PyrewoodVillage;;
Dhwaina-PyrewoodVillage;;
Diandra-NethergardeKeep;;
Diccinbaus-PyrewoodVillage;Alt;Ilovedeek-PyrewoodVillage,Èos-PyrewoodVillage
Diggydiggyho-PyrewoodVillage;;
Dijelon-PyrewoodVillage;;
Diles-PyrewoodVillage;;
Docenten-MirageRaceway;Alt;Benbrytaren-PyrewoodVillage,Fazler-MirageRaceway,Heligebörje-MirageRaceway,Huggaträd-MirageRaceway,Krister-NethergardeKeep,Slåberg-NethergardeKeep,Smulan-PyrewoodVillage
Dondrakiis-PyrewoodVillage;Alt;Dondrakis-PyrewoodVillage,Dondrakiss-PyrewoodVillage,Vandrakis-PyrewoodVillage
Dondrakis-PyrewoodVillage;Alt;Dondrakiis-PyrewoodVillage,Dondrakiss-PyrewoodVillage,Vandrakis-PyrewoodVillage
Dondrakiss-PyrewoodVillage;Alt;Dondrakiis-PyrewoodVillage,Dondrakis-PyrewoodVillage,Vandrakis-PyrewoodVillage
Doomraider-PyrewoodVillage;;
Dorant-NethergardeKeep;Alt;Agravanti-NethergardeKeep,Astalofix-NethergardeKeep,Banksg-NethergardeKeep,Banksgcoin-NethergardeKeep,Banksgherb-NethergardeKeep,Gurr-NethergardeKeep,Kuby-NethergardeKeep,Sluger-NethergardeKeep,Zaelofix-NethergardeKeep
Dotte-NethergardeKeep;;
Douwa-PyrewoodVillage;;
Downup-PyrewoodVillage;Main;
Dozzer-PyrewoodVillage;;
Drankz-PyrewoodVillage;;
Driel-PyrewoodVillage;Alt;Corto-PyrewoodVillage
Druidofmir-PyrewoodVillage;Alt;Lockofmir-PyrewoodVillage,Markofmir-PyrewoodVillage(main),Warriorofmir-PyrewoodVillage
Dumbledore-PyrewoodVillage;Main;
Dunhel-PyrewoodVillage;Main;
Dwarfhunter-PyrewoodVillage;Main;
Dzfarm-MirageRaceway;Alt;Deezr-MirageRaceway,Deezy-MirageRaceway,Déezy-PyrewoodVillage
Déezy-PyrewoodVillage;Alt;Deezr-MirageRaceway,Deezy-MirageRaceway,Dzfarm-MirageRaceway
Eboron-PyrewoodVillage;;
Edge-MirageRaceway;;
Egnar-MirageRaceway;;
Egon-PyrewoodVillage;;
Elementa-MirageRaceway;;
Eliphaslevi-MirageRaceway;Main;Isabella-MirageRaceway,Jadis-MirageRaceway,Jonassalk-MirageRaceway,Julius-MirageRaceway,Robiku-MirageRaceway
Elric-NethergardeKeep;Alt;Belgarion-NethergardeKeep,Tas-NethergardeKeep,Underhill-NethergardeKeep
Elrich-PyrewoodVillage;;
Elyzah-PyrewoodVillage;;
Emberfall-PyrewoodVillage;Alt;Nightstrider-PyrewoodVillage(main)
Emboukhane-PyrewoodVillage;;
Emboukkan-PyrewoodVillage;Alt;Barsikk-PyrewoodVillage
Emeraldia-PyrewoodVillage;;
Empanadoria-PyrewoodVillage;Main;
Enkidu-PyrewoodVillage;Alt;Dalgren-PyrewoodVillage,Ilira-PyrewoodVillage,Kaim-PyrewoodVillage,Miljac-PyrewoodVillage
Entropius-PyrewoodVillage;Main;
Eowyx-PyrewoodVillage;Main;
Epke-PyrewoodVillage;Alt;Bertje-MirageRaceway,Kleinbrein-NethergardeKeep,Okeydokey-PyrewoodVillage,Prikkertje-PyrewoodVillage,Quackery-PyrewoodVillage,Slapjanus-PyrewoodVillage,Slungel-PyrewoodVillage
Erguine-MirageRaceway;Main;Ertzaki-MirageRaceway
Ertzaki-MirageRaceway;Alt;Erguine-MirageRaceway(main)
Escanør-PyrewoodVillage;;
Exactly-PyrewoodVillage;Main;
Excalîbur-PyrewoodVillage;Main;
Excelsior-PyrewoodVillage;Main;
Ezelleas-PyrewoodVillage;Main;Ezhuntard-PyrewoodVillage,Ezlock-PyrewoodVillage
Ezhuntard-PyrewoodVillage;Alt;Ezelleas-PyrewoodVillage(main),Ezlock-PyrewoodVillage
Ezlock-PyrewoodVillage;Alt;Ezelleas-PyrewoodVillage(main),Ezhuntard-PyrewoodVillage
Fabar-NethergardeKeep;Alt;Fobar-NethergardeKeep,Krösna-NethergardeKeep
Farr-PyrewoodVillage;;
Fazler-MirageRaceway;Alt;Benbrytaren-PyrewoodVillage,Docenten-MirageRaceway,Heligebörje-MirageRaceway,Huggaträd-MirageRaceway,Krister-NethergardeKeep,Slåberg-NethergardeKeep,Smulan-PyrewoodVillage
Fazolek-PyrewoodVillage;;
Final-PyrewoodVillage;;
Fire-PyrewoodVillage;Alt;Hide-PyrewoodVillage,Jude-PyrewoodVillage,Jynx-PyrewoodVillage,Sane-PyrewoodVillage,Seek-PyrewoodVillage,Smith-PyrewoodVillage,Soul-PyrewoodVillage(main),Swag-PyrewoodVillage
Fiurbardaz-PyrewoodVillage;Main;
Fobar-NethergardeKeep;Alt;Fabar-NethergardeKeep,Krösna-NethergardeKeep
Foefsky-PyrewoodVillage;;
Fol-PyrewoodVillage;Main;
Fonz-PyrewoodVillage;;
Fonzy-PyrewoodVillage;;
Freefighter-PyrewoodVillage;Main;
Frid-PyrewoodVillage;;
Frios-MirageRaceway;;
Frostov-PyrewoodVillage;;
Fuffy-NethergardeKeep;;
Furieuse-PyrewoodVillage;;
Furiosa-NethergardeKeep;Main;
Fury-MirageRaceway;;
Fusion-PyrewoodVillage;Main;
Fyrestorm-NethergardeKeep;Main;
Féya-PyrewoodVillage;Alt;Aurorasylva-PyrewoodVillage,Crépuscula-PyrewoodVillage,Crépusculla-PyrewoodVillage
Gaaryy-MirageRaceway;;
Gaben-PyrewoodVillage;;
Galihad-NethergardeKeep;Main;
Galus-PyrewoodVillage;;
Gandolfina-NethergardeKeep;;
Garf-MirageRaceway;;
Gargos-PyrewoodVillage;Main;
Garrett-PyrewoodVillage;;
Gaylordblink-PyrewoodVillage;;
Geeraldt-PyrewoodVillage;;
Geige-PyrewoodVillage;;
Gelis-MirageRaceway;;
Gennu-NethergardeKeep;Alt;Gurlarn-NethergardeKeep,Jeroed-NethergardeKeep(main)
Geoff-PyrewoodVillage;;
Georgeous-NethergardeKeep;;
Gertow-NethergardeKeep;Main;
Gigachad-PyrewoodVillage;;
Gironima-MirageRaceway;Alt;Gironis-MirageRaceway,Gironto-MirageRaceway
Gironis-MirageRaceway;Alt;Gironima-MirageRaceway,Gironto-MirageRaceway
Gironto-MirageRaceway;Alt;Gironima-MirageRaceway,Gironis-MirageRaceway
Glaxidius-PyrewoodVillage;Main;
Glaxy-PyrewoodVillage;;
Glion-PyrewoodVillage;Main;
Gnomemonster-PyrewoodVillage;Alt;Cichy-PyrewoodVillage,Turecki-PyrewoodVillage(main)
Gnomme-PyrewoodVillage;;
Gnoworries-PyrewoodVillage;Main;
Gnuliet-MirageRaceway;;
Gonz-NethergardeKeep;Main;
Gonzbank-NethergardeKeep;;
Goppe-PyrewoodVillage;Main;
Goranth-PyrewoodVillage;Main;
Gormano-PyrewoodVillage;Main;
Gormanu-PyrewoodVillage;;
Gorolim-PyrewoodVillage;Main;
Gorrin-MirageRaceway;Main;
Gosetronio-PyrewoodVillage;Main;
Gothrok-PyrewoodVillage;;
Gracilis-MirageRaceway;Alt;Parvusfemina-MirageRaceway,Plåstra-MirageRaceway(main)
Grandekaful-NethergardeKeep;;
Grelynith-PyrewoodVillage;;
Gretton-PyrewoodVillage;;
Grisespy-PyrewoodVillage;Alt;Linensstuff-PyrewoodVillage,Wetpaper-PyrewoodVillage(main)
Grist-PyrewoodVillage;Main;Weatherlight-PyrewoodVillage
Grit-NethergardeKeep;Main;
Grixi-MirageRaceway;Alt;Ragekyle-MirageRaceway(main)
Groobi-PyrewoodVillage;;
Gruber-PyrewoodVillage;Main;
Gstríng-MirageRaceway;Alt;Proctologist-MirageRaceway
Gunnvá-PyrewoodVillage;Alt;Vár-PyrewoodVillage(main)
Guppy-PyrewoodVillage;;
Gurkan-MirageRaceway;;
Gurlarn-NethergardeKeep;Alt;Gennu-NethergardeKeep,Jeroed-NethergardeKeep(main)
Gurr-NethergardeKeep;Alt;Agravanti-NethergardeKeep,Astalofix-NethergardeKeep,Banksg-NethergardeKeep,Banksgcoin-NethergardeKeep,Banksgherb-NethergardeKeep,Dorant-NethergardeKeep,Kuby-NethergardeKeep,Sluger-NethergardeKeep,Zaelofix-NethergardeKeep
Gwendolynn-NethergardeKeep;;
Hadley-PyrewoodVillage;;
Hairrypotter-MirageRaceway;;
Halfsquats-PyrewoodVillage;;
Haloeds-PyrewoodVillage;Main;
Hammerstruck-PyrewoodVillage;Main;
Happyflowers-PyrewoodVillage;Main;
Hardwood-PyrewoodVillage;;
Hau-MirageRaceway;Alt;Haugaard-MirageRaceway(main)
Haudi-PyrewoodVillage;Main;
Haugaard-MirageRaceway;Main;Hau-MirageRaceway
Hazzerd-PyrewoodVillage;;
Hcandersen-PyrewoodVillage;;
Hclord-PyrewoodVillage;;
Healdemono-PyrewoodVillage;Main;
Healmecarl-PyrewoodVillage;;
Hela-NethergardeKeep;Main;Nemesis-NethergardeKeep,Polgara-NethergardeKeep
Helenn-NethergardeKeep;Main;Sarugirl-NethergardeKeep,Valería-NethergardeKeep
Heligebörje-MirageRaceway;Alt;Benbrytaren-PyrewoodVillage,Docenten-MirageRaceway,Fazler-MirageRaceway,Huggaträd-MirageRaceway,Krister-NethergardeKeep,Slåberg-NethergardeKeep,Smulan-PyrewoodVillage
Heligeknut-NethergardeKeep;;
Hemmick-PyrewoodVillage;;
Herengar-MirageRaceway;Main;
Hervédumont-PyrewoodVillage;Main;
Heídí-PyrewoodVillage;;
Hide-PyrewoodVillage;Alt;Fire-PyrewoodVillage,Jude-PyrewoodVillage,Jynx-PyrewoodVillage,Sane-PyrewoodVillage,Seek-PyrewoodVillage,Smith-PyrewoodVillage,Soul-PyrewoodVillage(main),Swag-PyrewoodVillage
Hililuk-PyrewoodVillage;Alt;Bonkei-PyrewoodVillage(main),Novacore-PyrewoodVillage,Roronoa-PyrewoodVillage,Woozie-PyrewoodVillage
Hiphoituri-MirageRaceway;Main;Hiphuntteri-MirageRaceway,Hiplock-MirageRaceway,Hipryöväri-MirageRaceway,Hipsoturi-MirageRaceway,Hiptaikuri-MirageRaceway,Hiptietäjä-MirageRaceway
Hiphuntteri-MirageRaceway;Alt;Hiphoituri-MirageRaceway(main),Hiplock-MirageRaceway,Hipryöväri-MirageRaceway,Hipsoturi-MirageRaceway,Hiptaikuri-MirageRaceway,Hiptietäjä-MirageRaceway
Hiplock-MirageRaceway;Alt;Hiphoituri-MirageRaceway(main),Hiphuntteri-MirageRaceway,Hipryöväri-MirageRaceway,Hipsoturi-MirageRaceway,Hiptaikuri-MirageRaceway,Hiptietäjä-MirageRaceway
Hipryöväri-MirageRaceway;Alt;Hiphoituri-MirageRaceway(main),Hiphuntteri-MirageRaceway,Hiplock-MirageRaceway,Hipsoturi-MirageRaceway,Hiptaikuri-MirageRaceway,Hiptietäjä-MirageRaceway
Hipsoturi-MirageRaceway;Alt;Hiphoituri-MirageRaceway(main),Hiphuntteri-MirageRaceway,Hiplock-MirageRaceway,Hipryöväri-MirageRaceway,Hiptaikuri-MirageRaceway,Hiptietäjä-MirageRaceway
Hiptaikuri-MirageRaceway;Alt;Hiphoituri-MirageRaceway(main),Hiphuntteri-MirageRaceway,Hiplock-MirageRaceway,Hipryöväri-MirageRaceway,Hipsoturi-MirageRaceway,Hiptietäjä-MirageRaceway
Hiptietäjä-MirageRaceway;Alt;Hiphoituri-MirageRaceway(main),Hiphuntteri-MirageRaceway,Hiplock-MirageRaceway,Hipryöväri-MirageRaceway,Hipsoturi-MirageRaceway,Hiptaikuri-MirageRaceway
Holy-NethergardeKeep;Main;
Holydragon-PyrewoodVillage;Main;
Holydream-NethergardeKeep;;
Holyfrozy-MirageRaceway;;
Holymac-PyrewoodVillage;;
Holymecarl-PyrewoodVillage;;
Holynova-PyrewoodVillage;;
Holynuts-PyrewoodVillage;Main;
Holyvez-PyrewoodVillage;;
Hoodlum-NethergardeKeep;;
Hotstuff-PyrewoodVillage;;
Hubris-MirageRaceway;Main;
Huggaträd-MirageRaceway;Alt;Benbrytaren-PyrewoodVillage,Docenten-MirageRaceway,Fazler-MirageRaceway,Heligebörje-MirageRaceway,Krister-NethergardeKeep,Slåberg-NethergardeKeep,Smulan-PyrewoodVillage
Humanmage-MirageRaceway;;
Huntard-NethergardeKeep;Main;
Hunterlegion-PyrewoodVillage;Alt;Legiondruid-PyrewoodVillage,Legiongold-MirageRaceway,Legionmage-PyrewoodVillage,Legionpower-PyrewoodVillage,Legionpriest-PyrewoodVillage,Legionrock-PyrewoodVillage,Legionrocky-PyrewoodVillage,Legionrogue-PyrewoodVillage,Legionwarior-PyrewoodVillage,Legionwarloc-PyrewoodVillage
Huntlisa-MirageRaceway;;
Hurdok-NethergardeKeep;Main;
Hurmad-NethergardeKeep;;
Hurme-PyrewoodVillage;Main;
Hygen-PyrewoodVillage;Main;
Iceabella-PyrewoodVillage;Main;
Icehell-MirageRaceway;Main;Althur-MirageRaceway
Iceli-PyrewoodVillage;;
Idk-PyrewoodVillage;;
Iksen-PyrewoodVillage;Alt;Neski-PyrewoodVillage,Wànda-PyrewoodVillage(main)
Ilira-PyrewoodVillage;Alt;Dalgren-PyrewoodVillage,Enkidu-PyrewoodVillage,Kaim-PyrewoodVillage,Miljac-PyrewoodVillage
Ilovedeek-PyrewoodVillage;Alt;Diccinbaus-PyrewoodVillage,Èos-PyrewoodVillage
Implifier-PyrewoodVillage;Alt;Damagecase-PyrewoodVillage(main)
Imposava-MirageRaceway;;
Incubae-PyrewoodVillage;;
Inkie-PyrewoodVillage;Alt;Corrai-PyrewoodVillage,Dawt-PyrewoodVillage,Ivyrayne-PyrewoodVillage,Libbie-PyrewoodVillage,Vishious-PyrewoodVillage
Insan-PyrewoodVillage;Main;
Ipp-NethergardeKeep;;
Irithiel-PyrewoodVillage;;
Isabella-MirageRaceway;Alt;Eliphaslevi-MirageRaceway(main),Jadis-MirageRaceway,Jonassalk-MirageRaceway,Julius-MirageRaceway,Robiku-MirageRaceway
Ishi-NethergardeKeep;;
Iskupitelj-PyrewoodVillage;Main;
Ispir-PyrewoodVillage;Main;
Ivyrayne-PyrewoodVillage;Alt;Corrai-PyrewoodVillage,Dawt-PyrewoodVillage,Inkie-PyrewoodVillage,Libbie-PyrewoodVillage,Vishious-PyrewoodVillage
Jackman-MirageRaceway;;
Jadis-MirageRaceway;Alt;Eliphaslevi-MirageRaceway(main),Isabella-MirageRaceway,Jonassalk-MirageRaceway,Julius-MirageRaceway,Robiku-MirageRaceway
Jael-PyrewoodVillage;Main;
Jaenelle-MirageRaceway;Main;
Jagto-MirageRaceway;;
Jaxas-PyrewoodVillage;;
Jazeerah-PyrewoodVillage;Main;Lumathra-PyrewoodVillage
Jazzyjeff-PyrewoodVillage;;
Jefferry-MirageRaceway;Main;
Jeroed-NethergardeKeep;Main;Gennu-NethergardeKeep,Gurlarn-NethergardeKeep
Jetblacky-PyrewoodVillage;;
Jonassalk-MirageRaceway;Alt;Eliphaslevi-MirageRaceway(main),Isabella-MirageRaceway,Jadis-MirageRaceway,Julius-MirageRaceway,Robiku-MirageRaceway
Joyce-MirageRaceway;Alt;Bolt-MirageRaceway,Deathwish-MirageRaceway,Merlina-MirageRaceway,Stormcrow-MirageRaceway(main)
Jude-PyrewoodVillage;Alt;Fire-PyrewoodVillage,Hide-PyrewoodVillage,Jynx-PyrewoodVillage,Sane-PyrewoodVillage,Seek-PyrewoodVillage,Smith-PyrewoodVillage,Soul-PyrewoodVillage(main),Swag-PyrewoodVillage
Jugobetrugo-PyrewoodVillage;;
Julius-MirageRaceway;Alt;Eliphaslevi-MirageRaceway(main),Isabella-MirageRaceway,Jadis-MirageRaceway,Jonassalk-MirageRaceway,Robiku-MirageRaceway
Jynx-PyrewoodVillage;Alt;Fire-PyrewoodVillage,Hide-PyrewoodVillage,Jude-PyrewoodVillage,Sane-PyrewoodVillage,Seek-PyrewoodVillage,Smith-PyrewoodVillage,Soul-PyrewoodVillage(main),Swag-PyrewoodVillage
Jäyschä-PyrewoodVillage;;
Júliuszka-PyrewoodVillage;;
Kaim-PyrewoodVillage;Alt;Dalgren-PyrewoodVillage,Enkidu-PyrewoodVillage,Ilira-PyrewoodVillage,Miljac-PyrewoodVillage
Kaixali-PyrewoodVillage;Alt;Kharroch-PyrewoodVillage,Omorax-PyrewoodVillage,Uroch-PyrewoodVillage,Veirani-PyrewoodVillage(main),Xaurime-PyrewoodVillage
Kajaskja-PyrewoodVillage;Main;Títanía-PyrewoodVillage
Karamellie-NethergardeKeep;Alt;Lyles-NethergardeKeep(main)
Karyatida-PyrewoodVillage;;
Kelissa-PyrewoodVillage;Alt;Rubble-PyrewoodVillage(main),Salisya-PyrewoodVillage
Kharroch-PyrewoodVillage;Alt;Kaixali-PyrewoodVillage,Omorax-PyrewoodVillage,Uroch-PyrewoodVillage,Veirani-PyrewoodVillage(main),Xaurime-PyrewoodVillage
Kilig-MirageRaceway;Alt;Cauvin-MirageRaceway(main)
Kipshiukas-PyrewoodVillage;Main;
Klaudius-PyrewoodVillage;;
Kleinbrein-NethergardeKeep;Alt;Bertje-MirageRaceway,Epke-PyrewoodVillage,Okeydokey-PyrewoodVillage,Prikkertje-PyrewoodVillage,Quackery-PyrewoodVillage,Slapjanus-PyrewoodVillage,Slungel-PyrewoodVillage
Kodi-NethergardeKeep;;
Kohai-NethergardeKeep;Main;
Kojigayyann-NethergardeKeep;Main;
Koraymage-PyrewoodVillage;Main;
Krister-NethergardeKeep;Alt;Benbrytaren-PyrewoodVillage,Docenten-MirageRaceway,Fazler-MirageRaceway,Heligebörje-MirageRaceway,Huggaträd-MirageRaceway,Slåberg-NethergardeKeep,Smulan-PyrewoodVillage
Kronk-PyrewoodVillage;;
Krytadar-MirageRaceway;Main;
Krösna-NethergardeKeep;Alt;Fabar-NethergardeKeep,Fobar-NethergardeKeep
Kuby-NethergardeKeep;Alt;Agravanti-NethergardeKeep,Astalofix-NethergardeKeep,Banksg-NethergardeKeep,Banksgcoin-NethergardeKeep,Banksgherb-NethergardeKeep,Dorant-NethergardeKeep,Gurr-NethergardeKeep,Sluger-NethergardeKeep,Zaelofix-NethergardeKeep
Kunji-PyrewoodVillage;Main;
Kunjio-PyrewoodVillage;;
Kuwabara-PyrewoodVillage;;
Kvaddarn-PyrewoodVillage;;
Kvieta-PyrewoodVillage;Main;
Kyia-PyrewoodVillage;Alt;Ronna-PyrewoodVillage
Kyliemyrogue-NethergardeKeep;Main;
Kyrie-PyrewoodVillage;Main;
Ladihawk-PyrewoodVillage;;
Lainadan-PyrewoodVillage;;
Lainapayne-PyrewoodVillage;;
Lastlane-MirageRaceway;Alt;Timenofear-MirageRaceway
Latheralus-PyrewoodVillage;Alt;Oxymoron-PyrewoodVillage,Rollins-PyrewoodVillage(main),Zurt-PyrewoodVillage
Legendaria-PyrewoodVillage;;
Legiondruid-PyrewoodVillage;Alt;Hunterlegion-PyrewoodVillage,Legiongold-MirageRaceway,Legionmage-PyrewoodVillage,Legionpower-PyrewoodVillage,Legionpriest-PyrewoodVillage,Legionrock-PyrewoodVillage,Legionrocky-PyrewoodVillage,Legionrogue-PyrewoodVillage,Legionwarior-PyrewoodVillage,Legionwarloc-PyrewoodVillage
Legiongold-MirageRaceway;Alt;Hunterlegion-PyrewoodVillage,Legiondruid-PyrewoodVillage,Legionmage-PyrewoodVillage,Legionpower-PyrewoodVillage,Legionpriest-PyrewoodVillage,Legionrock-PyrewoodVillage,Legionrocky-PyrewoodVillage,Legionrogue-PyrewoodVillage,Legionwarior-PyrewoodVillage,Legionwarloc-PyrewoodVillage
Legionmage-PyrewoodVillage;Alt;Hunterlegion-PyrewoodVillage,Legiondruid-PyrewoodVillage,Legiongold-MirageRaceway,Legionpower-PyrewoodVillage,Legionpriest-PyrewoodVillage,Legionrock-PyrewoodVillage,Legionrocky-PyrewoodVillage,Legionrogue-PyrewoodVillage,Legionwarior-PyrewoodVillage,Legionwarloc-PyrewoodVillage
Legionpower-PyrewoodVillage;Alt;Hunterlegion-PyrewoodVillage,Legiondruid-PyrewoodVillage,Legiongold-MirageRaceway,Legionmage-PyrewoodVillage,Legionpriest-PyrewoodVillage,Legionrock-PyrewoodVillage,Legionrocky-PyrewoodVillage,Legionrogue-PyrewoodVillage,Legionwarior-PyrewoodVillage,Legionwarloc-PyrewoodVillage
Legionpriest-PyrewoodVillage;Alt;Hunterlegion-PyrewoodVillage,Legiondruid-PyrewoodVillage,Legiongold-MirageRaceway,Legionmage-PyrewoodVillage,Legionpower-PyrewoodVillage,Legionrock-PyrewoodVillage,Legionrocky-PyrewoodVillage,Legionrogue-PyrewoodVillage,Legionwarior-PyrewoodVillage,Legionwarloc-PyrewoodVillage
Legionrock-PyrewoodVillage;Alt;Hunterlegion-PyrewoodVillage,Legiondruid-PyrewoodVillage,Legiongold-MirageRaceway,Legionmage-PyrewoodVillage,Legionpower-PyrewoodVillage,Legionpriest-PyrewoodVillage,Legionrocky-PyrewoodVillage,Legionrogue-PyrewoodVillage,Legionwarior-PyrewoodVillage,Legionwarloc-PyrewoodVillage
Legionrocky-PyrewoodVillage;Alt;Hunterlegion-PyrewoodVillage,Legiondruid-PyrewoodVillage,Legiongold-MirageRaceway,Legionmage-PyrewoodVillage,Legionpower-PyrewoodVillage,Legionpriest-PyrewoodVillage,Legionrock-PyrewoodVillage,Legionrogue-PyrewoodVillage,Legionwarior-PyrewoodVillage,Legionwarloc-PyrewoodVillage
Legionrogue-PyrewoodVillage;Alt;Hunterlegion-PyrewoodVillage,Legiondruid-PyrewoodVillage,Legiongold-MirageRaceway,Legionmage-PyrewoodVillage,Legionpower-PyrewoodVillage,Legionpriest-PyrewoodVillage,Legionrock-PyrewoodVillage,Legionrocky-PyrewoodVillage,Legionwarior-PyrewoodVillage,Legionwarloc-PyrewoodVillage
Legionwarior-PyrewoodVillage;Alt;Hunterlegion-PyrewoodVillage,Legiondruid-PyrewoodVillage,Legiongold-MirageRaceway,Legionmage-PyrewoodVillage,Legionpower-PyrewoodVillage,Legionpriest-PyrewoodVillage,Legionrock-PyrewoodVillage,Legionrocky-PyrewoodVillage,Legionrogue-PyrewoodVillage,Legionwarloc-PyrewoodVillage
Legionwarloc-PyrewoodVillage;Alt;Hunterlegion-PyrewoodVillage,Legiondruid-PyrewoodVillage,Legiongold-MirageRaceway,Legionmage-PyrewoodVillage,Legionpower-PyrewoodVillage,Legionpriest-PyrewoodVillage,Legionrock-PyrewoodVillage,Legionrocky-PyrewoodVillage,Legionrogue-PyrewoodVillage,Legionwarior-PyrewoodVillage
Lemaitre-PyrewoodVillage;Main;
Lernaut-PyrewoodVillage;Main;Tranule-PyrewoodVillage
Lexi-PyrewoodVillage;Alt;Darkage-PyrewoodVillage(main)
Lgibbon-NethergardeKeep;Main;
Lhotse-PyrewoodVillage;;
Liabala-PyrewoodVillage;Main;Liaherbs-MirageRaceway,Mikehunt-PyrewoodVillage,Notliabala-PyrewoodVillage,Polarbeer-PyrewoodVillage,Thebluepill-PyrewoodVillage,Wiskeybarrel-PyrewoodVillage
Liaherbs-MirageRaceway;Alt;Liabala-PyrewoodVillage(main),Mikehunt-PyrewoodVillage,Notliabala-PyrewoodVillage,Polarbeer-PyrewoodVillage,Thebluepill-PyrewoodVillage,Wiskeybarrel-PyrewoodVillage
Libbie-PyrewoodVillage;Alt;Corrai-PyrewoodVillage,Dawt-PyrewoodVillage,Inkie-PyrewoodVillage,Ivyrayne-PyrewoodVillage,Vishious-PyrewoodVillage
Libidor-MirageRaceway;Main;
Lille-PyrewoodVillage;Main;
Lillian-PyrewoodVillage;Main;
Lima-NethergardeKeep;Main;
Linensstuff-PyrewoodVillage;Alt;Grisespy-PyrewoodVillage,Wetpaper-PyrewoodVillage(main)
Linyera-PyrewoodVillage;Alt;Ceilie-NethergardeKeep
Littlek-PyrewoodVillage;Alt;Littlestar-PyrewoodVillage(main),Lucenera-PyrewoodVillage,Nibiru-PyrewoodVillage
Littlestar-PyrewoodVillage;Main;Littlek-PyrewoodVillage,Lucenera-PyrewoodVillage,Nibiru-PyrewoodVillage
Lockberg-PyrewoodVillage;;
Lockjar-PyrewoodVillage;;
Lockofmir-PyrewoodVillage;Alt;Druidofmir-PyrewoodVillage,Markofmir-PyrewoodVillage(main),Warriorofmir-PyrewoodVillage
Lojzef-PyrewoodVillage;;
Lqna-MirageRaceway;;
Lucenera-PyrewoodVillage;Alt;Littlek-PyrewoodVillage,Littlestar-PyrewoodVillage(main),Nibiru-PyrewoodVillage
Lucker-PyrewoodVillage;Main;Catschen-PyrewoodVillage
Ludak-MirageRaceway;;
Lufluf-PyrewoodVillage;;
Lumathra-PyrewoodVillage;Alt;Jazeerah-PyrewoodVillage(main)
Lunara-PyrewoodVillage;Main;
Lustosh-MirageRaceway;;
Lyffa-NethergardeKeep;;
Lyles-NethergardeKeep;Main;Karamellie-NethergardeKeep
Madpepe-PyrewoodVillage;;
Maee-MirageRaceway;;
Mageridge-PyrewoodVillage;Main;
Magicgame-PyrewoodVillage;;
Magicpote-PyrewoodVillage;;
Magiese-PyrewoodVillage;Main;
Magix-NethergardeKeep;;
Magiya-PyrewoodVillage;;
Magnusv-NethergardeKeep;;
Mahulena-PyrewoodVillage;Alt;Belesuna-PyrewoodVillage
Maidenless-NethergardeKeep;;
Maidenlèss-NethergardeKeep;;
Malena-PyrewoodVillage;;
Malicia-PyrewoodVillage;;
Maléficia-PyrewoodVillage;;
Mansergh-MirageRaceway;Main;
Marcysia-NethergardeKeep;;
Marjun-PyrewoodVillage;;
Markofmir-PyrewoodVillage;Main;Druidofmir-PyrewoodVillage,Lockofmir-PyrewoodVillage,Warriorofmir-PyrewoodVillage
Marvino-MirageRaceway;;
Marvtank-MirageRaceway;Main;
Masser-NethergardeKeep;Main;
Masserati-PyrewoodVillage;;
Mathoclock-PyrewoodVillage;;
Matthew-PyrewoodVillage;;
Maxxina-PyrewoodVillage;Main;
Mccracken-PyrewoodVillage;Main;Pwny-PyrewoodVillage
Merkurial-PyrewoodVillage;Main;
Merlina-MirageRaceway;Alt;Bolt-MirageRaceway,Deathwish-MirageRaceway,Joyce-MirageRaceway,Stormcrow-MirageRaceway(main)
Mictain-PyrewoodVillage;;
Mikehunt-PyrewoodVillage;Alt;Liabala-PyrewoodVillage(main),Liaherbs-MirageRaceway,Notliabala-PyrewoodVillage,Polarbeer-PyrewoodVillage,Thebluepill-PyrewoodVillage,Wiskeybarrel-PyrewoodVillage
Miljac-PyrewoodVillage;Alt;Dalgren-PyrewoodVillage,Enkidu-PyrewoodVillage,Ilira-PyrewoodVillage,Kaim-PyrewoodVillage
Minihero-NethergardeKeep;;
Minililith-PyrewoodVillage;;
Minister-PyrewoodVillage;Main;
Mipsta-PyrewoodVillage;Main;
Misha-PyrewoodVillage;Main;
Missbehaven-NethergardeKeep;Main;
Missnorge-PyrewoodVillage;;
Mistri-PyrewoodVillage;;
Mobil-MirageRaceway;;
Monogorn-PyrewoodVillage;Main;Monogorna-PyrewoodVillage
Monogorna-PyrewoodVillage;Alt;Monogorn-PyrewoodVillage(main)
Moriya-PyrewoodVillage;Main;
Mornagya-PyrewoodVillage;;
Morrowind-PyrewoodVillage;Main;
Morsid-PyrewoodVillage;Main;
Mortimus-PyrewoodVillage;Main;
Munition-MirageRaceway;;
Mutly-MirageRaceway;Main;
Muts-PyrewoodVillage;Main;
Mycrata-PyrewoodVillage;;
Mélissande-NethergardeKeep;Alt;Satänas-PyrewoodVillage,Turgøn-PyrewoodVillage(main)
Nakir-PyrewoodVillage;;
Namnhelvete-MirageRaceway;Alt;Philanselmo-MirageRaceway,Snusdosan-MirageRaceway
Nannae-PyrewoodVillage;Main;Blixthalka-PyrewoodVillage
Naomie-NethergardeKeep;;
Narwå-PyrewoodVillage;Main;
Nataliko-PyrewoodVillage;Main;
Natureheals-NethergardeKeep;Alt;Curise-NethergardeKeep
Naughtieca-PyrewoodVillage;;
Naughtydot-PyrewoodVillage;;
Neirah-PyrewoodVillage;;
Neisti-PyrewoodVillage;;
Nemesis-NethergardeKeep;Alt;Hela-NethergardeKeep(main),Polgara-NethergardeKeep
Neski-PyrewoodVillage;Alt;Iksen-PyrewoodVillage,Wànda-PyrewoodVillage(main)
Newurra-MirageRaceway;;
Nibiru-PyrewoodVillage;Alt;Littlek-PyrewoodVillage,Littlestar-PyrewoodVillage(main),Lucenera-PyrewoodVillage
Nightstrider-PyrewoodVillage;Main;Emberfall-PyrewoodVillage
Nimoc-MirageRaceway;;
Nina-NethergardeKeep;;
Niriana-PyrewoodVillage;;
Nirmoil-NethergardeKeep;;
Niyahua-MirageRaceway;;
Norrsken-PyrewoodVillage;;
Noslock-PyrewoodVillage;;
Notliabala-PyrewoodVillage;Alt;Liabala-PyrewoodVillage(main),Liaherbs-MirageRaceway,Mikehunt-PyrewoodVillage,Polarbeer-PyrewoodVillage,Thebluepill-PyrewoodVillage,Wiskeybarrel-PyrewoodVillage
Notsotinytim-NethergardeKeep;Main;
Novacore-PyrewoodVillage;Alt;Bonkei-PyrewoodVillage(main),Hililuk-PyrewoodVillage,Roronoa-PyrewoodVillage,Woozie-PyrewoodVillage
Ocealis-PyrewoodVillage;;
Oelewapper-NethergardeKeep;;
Ogmar-PyrewoodVillage;Main;
Okeydokey-PyrewoodVillage;Alt;Bertje-MirageRaceway,Epke-PyrewoodVillage,Kleinbrein-NethergardeKeep,Prikkertje-PyrewoodVillage,Quackery-PyrewoodVillage,Slapjanus-PyrewoodVillage,Slungel-PyrewoodVillage
Okito-MirageRaceway;;
Oldrikk-NethergardeKeep;;
Oldwar-PyrewoodVillage;;
Olefiend-PyrewoodVillage;Main;
Olga-PyrewoodVillage;Main;
Ollonborre-PyrewoodVillage;;
Olsin-PyrewoodVillage;;
Omegapint-PyrewoodVillage;Main;
Omorax-PyrewoodVillage;Alt;Kaixali-PyrewoodVillage,Kharroch-PyrewoodVillage,Uroch-PyrewoodVillage,Veirani-PyrewoodVillage(main),Xaurime-PyrewoodVillage
Onemanandhis-MirageRaceway;;
Origin-NethergardeKeep;;
Orminis-PyrewoodVillage;Main;
Overtake-MirageRaceway;;
Oxymoron-PyrewoodVillage;Alt;Latheralus-PyrewoodVillage,Rollins-PyrewoodVillage(main),Zurt-PyrewoodVillage
Ozana-NethergardeKeep;;
Palladio-PyrewoodVillage;Main;
Palna-PyrewoodVillage;Main;
Palyman-PyrewoodVillage;Main;
Papadoula-PyrewoodVillage;;
Paradiralica-NethergardeKeep;;
Parvusfemina-MirageRaceway;Alt;Gracilis-MirageRaceway,Plåstra-MirageRaceway(main)
Patrazuilon-PyrewoodVillage;;
Pavelow-PyrewoodVillage;;
Peles-MirageRaceway;;
Petanker-PyrewoodVillage;Main;Bebergamote-PyrewoodVillage,Bibounne-PyrewoodVillage,Cleanër-PyrewoodVillage,Dhealer-PyrewoodVillage
Petra-PyrewoodVillage;Main;
Petran-PyrewoodVillage;;
Phabi-PyrewoodVillage;Alt;Phóbie-PyrewoodVillage(main)
Philanselmo-MirageRaceway;Alt;Namnhelvete-MirageRaceway,Snusdosan-MirageRaceway
Phóbie-PyrewoodVillage;Main;Phabi-PyrewoodVillage
Pigeonfarmer-PyrewoodVillage;;
Pinga-PyrewoodVillage;;
Pinto-PyrewoodVillage;Main;
Pippi-MirageRaceway;;
Pixielette-NethergardeKeep;;
Planina-PyrewoodVillage;;
Plåstra-MirageRaceway;Main;Gracilis-MirageRaceway,Parvusfemina-MirageRaceway
Polarbeer-PyrewoodVillage;Alt;Liabala-PyrewoodVillage(main),Liaherbs-MirageRaceway,Mikehunt-PyrewoodVillage,Notliabala-PyrewoodVillage,Thebluepill-PyrewoodVillage,Wiskeybarrel-PyrewoodVillage
Polgara-NethergardeKeep;Alt;Hela-NethergardeKeep(main),Nemesis-NethergardeKeep
Polly-PyrewoodVillage;Main;
Pollytank-PyrewoodVillage;;
Ponponima-NethergardeKeep;Main;
Popsicle-PyrewoodVillage;Main;
Pornicarka-MirageRaceway;;
Postall-PyrewoodVillage;Main;
Prikkertje-PyrewoodVillage;Alt;Bertje-MirageRaceway,Epke-PyrewoodVillage,Kleinbrein-NethergardeKeep,Okeydokey-PyrewoodVillage,Quackery-PyrewoodVillage,Slapjanus-PyrewoodVillage,Slungel-PyrewoodVillage
Proctologist-MirageRaceway;Alt;Gstríng-MirageRaceway
Psyonicblast-PyrewoodVillage;;
Ptrlix-MirageRaceway;Main;
Pwny-PyrewoodVillage;Alt;Mccracken-PyrewoodVillage(main)
Quackery-PyrewoodVillage;Alt;Bertje-MirageRaceway,Epke-PyrewoodVillage,Kleinbrein-NethergardeKeep,Okeydokey-PyrewoodVillage,Prikkertje-PyrewoodVillage,Slapjanus-PyrewoodVillage,Slungel-PyrewoodVillage
Quíche-PyrewoodVillage;;
Qzer-PyrewoodVillage;;
Rabaddon-MirageRaceway;;
Ragekyle-MirageRaceway;Main;Grixi-MirageRaceway
Ratbag-NethergardeKeep;Main;
Ratigana-PyrewoodVillage;Main;
Ravenshade-NethergardeKeep;Alt;Anqua-PyrewoodVillage(main),Ösp-PyrewoodVillage
Ravipaladin-NethergardeKeep;Main;
Raviwarrior-NethergardeKeep;;
Refillplz-PyrewoodVillage;;
Renyard-PyrewoodVillage;;
Restynpeace-PyrewoodVillage;;
Revek-PyrewoodVillage;Main;
Rhaika-PyrewoodVillage;;
Rifleman-PyrewoodVillage;;
Robiku-MirageRaceway;Alt;Eliphaslevi-MirageRaceway(main),Isabella-MirageRaceway,Jadis-MirageRaceway,Jonassalk-MirageRaceway,Julius-MirageRaceway
Rockybowboa-PyrewoodVillage;;
Roflrolf-PyrewoodVillage;Alt;Warháwk-PyrewoodVillage(main)
Roguelia-PyrewoodVillage;;
Roguenz-NethergardeKeep;;
Rollins-PyrewoodVillage;Main;Latheralus-PyrewoodVillage,Oxymoron-PyrewoodVillage,Zurt-PyrewoodVillage
Rollrbldeboi-NethergardeKeep;;
Ronna-PyrewoodVillage;Alt;Kyia-PyrewoodVillage
Roronoa-PyrewoodVillage;Alt;Bonkei-PyrewoodVillage(main),Hililuk-PyrewoodVillage,Novacore-PyrewoodVillage,Woozie-PyrewoodVillage
Rosehy-NethergardeKeep;Main;
Rosie-PyrewoodVillage;Main;Rosiefire-PyrewoodVillage
Rosiefire-PyrewoodVillage;Alt;Rosie-PyrewoodVillage(main)
Rubble-PyrewoodVillage;Main;Kelissa-PyrewoodVillage,Salisya-PyrewoodVillage
Ruby-MirageRaceway;Main;
Rubytwo-MirageRaceway;;
Ryami-PyrewoodVillage;;
Ryanmidget-PyrewoodVillage;;
Sadpepe-PyrewoodVillage;;
Saguitar-PyrewoodVillage;;
Saharra-PyrewoodVillage;;
Saleeh-PyrewoodVillage;Main;Seleeh-PyrewoodVillage
Salisya-PyrewoodVillage;Alt;Kelissa-PyrewoodVillage,Rubble-PyrewoodVillage(main)
Sanders-PyrewoodVillage;;
Sane-PyrewoodVillage;Alt;Fire-PyrewoodVillage,Hide-PyrewoodVillage,Jude-PyrewoodVillage,Jynx-PyrewoodVillage,Seek-PyrewoodVillage,Smith-PyrewoodVillage,Soul-PyrewoodVillage(main),Swag-PyrewoodVillage
Sarugirl-NethergardeKeep;Alt;Helenn-NethergardeKeep(main),Valería-NethergardeKeep
Satsumaman-PyrewoodVillage;Main;
Satänas-PyrewoodVillage;Alt;Mélissande-NethergardeKeep,Turgøn-PyrewoodVillage(main)
Sauron-PyrewoodVillage;;
Scar-PyrewoodVillage;Main;
Schlyna-PyrewoodVillage;;
Seek-PyrewoodVillage;Alt;Fire-PyrewoodVillage,Hide-PyrewoodVillage,Jude-PyrewoodVillage,Jynx-PyrewoodVillage,Sane-PyrewoodVillage,Smith-PyrewoodVillage,Soul-PyrewoodVillage(main),Swag-PyrewoodVillage
Seleeh-PyrewoodVillage;Alt;Saleeh-PyrewoodVillage(main)
Senua-NethergardeKeep;Main;
Seray-PyrewoodVillage;Main;
Sethroguen-PyrewoodVillage;Main;
Shabanka-MirageRaceway;;
Shadowdancer-PyrewoodVillage;;
Shadowslord-PyrewoodVillage;Main;
Shaliann-MirageRaceway;;
Shania-PyrewoodVillage;Main;Ariane-PyrewoodVillage
Shendhealing-MirageRaceway;Alt;Shendnoods-MirageRaceway(main)
Shendnoods-MirageRaceway;Main;Shendhealing-MirageRaceway
Shiobhan-MirageRaceway;;
Siara-PyrewoodVillage;Main;
Sicari-PyrewoodVillage;Alt;Skarlock-PyrewoodVillage
Sigslol-PyrewoodVillage;;
Silka-MirageRaceway;;
Silvermíst-NethergardeKeep;Main;
Silveron-PyrewoodVillage;;
Sini-MirageRaceway;;
Sino-PyrewoodVillage;;
Skarlock-PyrewoodVillage;Alt;Sicari-PyrewoodVillage
Skaterboi-NethergardeKeep;;
Skawolf-PyrewoodVillage;Alt;Skazur-PyrewoodVillage(main)
Skazur-PyrewoodVillage;Main;Skawolf-PyrewoodVillage
Slapjanus-PyrewoodVillage;Alt;Bertje-MirageRaceway,Epke-PyrewoodVillage,Kleinbrein-NethergardeKeep,Okeydokey-PyrewoodVillage,Prikkertje-PyrewoodVillage,Quackery-PyrewoodVillage,Slungel-PyrewoodVillage
Sluger-NethergardeKeep;Alt;Agravanti-NethergardeKeep,Astalofix-NethergardeKeep,Banksg-NethergardeKeep,Banksgcoin-NethergardeKeep,Banksgherb-NethergardeKeep,Dorant-NethergardeKeep,Gurr-NethergardeKeep,Kuby-NethergardeKeep,Zaelofix-NethergardeKeep
Slungel-PyrewoodVillage;Alt;Bertje-MirageRaceway,Epke-PyrewoodVillage,Kleinbrein-NethergardeKeep,Okeydokey-PyrewoodVillage,Prikkertje-PyrewoodVillage,Quackery-PyrewoodVillage,Slapjanus-PyrewoodVillage
Slutaslå-MirageRaceway;;
Sly-MirageRaceway;;
Slåberg-NethergardeKeep;Alt;Benbrytaren-PyrewoodVillage,Docenten-MirageRaceway,Fazler-MirageRaceway,Heligebörje-MirageRaceway,Huggaträd-MirageRaceway,Krister-NethergardeKeep,Smulan-PyrewoodVillage
Smallroar-PyrewoodVillage;;
Smith-PyrewoodVillage;Alt;Fire-PyrewoodVillage,Hide-PyrewoodVillage,Jude-PyrewoodVillage,Jynx-PyrewoodVillage,Sane-PyrewoodVillage,Seek-PyrewoodVillage,Soul-PyrewoodVillage(main),Swag-PyrewoodVillage
Smokez-PyrewoodVillage;Main;
Smrdljivko-MirageRaceway;;
Smulan-PyrewoodVillage;Alt;Benbrytaren-PyrewoodVillage,Docenten-MirageRaceway,Fazler-MirageRaceway,Heligebörje-MirageRaceway,Huggaträd-MirageRaceway,Krister-NethergardeKeep,Slåberg-NethergardeKeep
Snazen-PyrewoodVillage;Main;Bluetoes-PyrewoodVillage
Sneakygame-PyrewoodVillage;;
Snippz-PyrewoodVillage;Alt;Uvær-PyrewoodVillage
Snusdosan-MirageRaceway;Alt;Namnhelvete-MirageRaceway,Philanselmo-MirageRaceway
Snyper-PyrewoodVillage;;
Socks-NethergardeKeep;Main;
Softpaper-PyrewoodVillage;;
Solidon-PyrewoodVillage;;
Sombrero-NethergardeKeep;Main;
Sooty-MirageRaceway;;
Soul-PyrewoodVillage;Main;Fire-PyrewoodVillage,Hide-PyrewoodVillage,Jude-PyrewoodVillage,Jynx-PyrewoodVillage,Sane-PyrewoodVillage,Seek-PyrewoodVillage,Smith-PyrewoodVillage,Swag-PyrewoodVillage
Spartiatis-PyrewoodVillage;;
Spillevink-MirageRaceway;;
Squeaky-PyrewoodVillage;;
Squirtol-PyrewoodVillage;;
Sshh-PyrewoodVillage;;
Stabie-PyrewoodVillage;;
Starclaw-PyrewoodVillage;Main;
Stereo-PyrewoodVillage;;
Stick-PyrewoodVillage;;
Stiiorra-MirageRaceway;Main;
Stir-PyrewoodVillage;Main;
Stompson-NethergardeKeep;Alt;Bonker-NethergardeKeep(main)
Stonegut-PyrewoodVillage;;
Stormcrow-MirageRaceway;Main;Bolt-MirageRaceway,Deathwish-MirageRaceway,Joyce-MirageRaceway,Merlina-MirageRaceway
Stoutstrike-PyrewoodVillage;Main;
Straz-PyrewoodVillage;;
Straznaxx-PyrewoodVillage;;
Strife-PyrewoodVillage;Main;
Subtlety-PyrewoodVillage;;
Sumiko-PyrewoodVillage;;
Sundance-NethergardeKeep;Main;
Suni-PyrewoodVillage;Main;
Sunnespappa-MirageRaceway;;
Swag-PyrewoodVillage;Alt;Fire-PyrewoodVillage,Hide-PyrewoodVillage,Jude-PyrewoodVillage,Jynx-PyrewoodVillage,Sane-PyrewoodVillage,Seek-PyrewoodVillage,Smith-PyrewoodVillage,Soul-PyrewoodVillage(main)
Swey-PyrewoodVillage;;
Swiftfeet-MirageRaceway;;
Swipe-NethergardeKeep;;
Sykia-PyrewoodVillage;;
Sylerx-PyrewoodVillage;;
Takatakatata-PyrewoodVillage;;
Talon-MirageRaceway;;
Tamuril-PyrewoodVillage;;
Tanglefoot-MirageRaceway;Main;
Tartree-NethergardeKeep;Main;
Tas-NethergardeKeep;Alt;Belgarion-NethergardeKeep,Elric-NethergardeKeep,Underhill-NethergardeKeep
Tawnie-MirageRaceway;;
Tayne-PyrewoodVillage;;
Terom-PyrewoodVillage;Main;
Tezzurion-PyrewoodVillage;;
Thebluepill-PyrewoodVillage;Alt;Liabala-PyrewoodVillage(main),Liaherbs-MirageRaceway,Mikehunt-PyrewoodVillage,Notliabala-PyrewoodVillage,Polarbeer-PyrewoodVillage,Wiskeybarrel-PyrewoodVillage
Thengel-PyrewoodVillage;Main;
Thrayn-PyrewoodVillage;;
Timenofear-MirageRaceway;Alt;Lastlane-MirageRaceway
Tinkerbellé-MirageRaceway;;
Tobiaspala-PyrewoodVillage;;
Tobiportdrei-PyrewoodVillage;Main;
Tobiportsech-PyrewoodVillage;;
Tockica-PyrewoodVillage;;
Tomthecat-NethergardeKeep;;
Toninjo-MirageRaceway;;
Toobik-PyrewoodVillage;;
Toomanymages-PyrewoodVillage;;
Tranule-PyrewoodVillage;Alt;Lernaut-PyrewoodVillage(main)
Tremune-PyrewoodVillage;Main;
Trivian-PyrewoodVillage;;
Troi-PyrewoodVillage;;
Trudy-MirageRaceway;Main;
Tsvétana-PyrewoodVillage;;
Turecki-PyrewoodVillage;Main;Cichy-PyrewoodVillage,Gnomemonster-PyrewoodVillage
Turgøn-PyrewoodVillage;Main;Mélissande-NethergardeKeep,Satänas-PyrewoodVillage
Tutcy-PyrewoodVillage;Alt;Velsigne-PyrewoodVillage
Tutu-MirageRaceway;;
Tuuxic-PyrewoodVillage;;
Tyhr-PyrewoodVillage;;
Tyraganks-PyrewoodVillage;Main;
Títanía-PyrewoodVillage;Alt;Kajaskja-PyrewoodVillage(main)
Uldis-PyrewoodVillage;;
Ullrik-NethergardeKeep;Main;
Underhill-NethergardeKeep;Alt;Belgarion-NethergardeKeep,Elric-NethergardeKeep,Tas-NethergardeKeep
Upsydaisy-PyrewoodVillage;Main;Yojojo-PyrewoodVillage,Ziggypiggy-PyrewoodVillage
Uroch-PyrewoodVillage;Alt;Kaixali-PyrewoodVillage,Kharroch-PyrewoodVillage,Omorax-PyrewoodVillage,Veirani-PyrewoodVillage(main),Xaurime-PyrewoodVillage
Uthers-PyrewoodVillage;Main;
Uvær-PyrewoodVillage;Alt;Snippz-PyrewoodVillage
Uwotfam-PyrewoodVillage;;
Uzurpator-PyrewoodVillage;;
Valería-NethergardeKeep;Alt;Helenn-NethergardeKeep(main),Sarugirl-NethergardeKeep
Van-MirageRaceway;Main;
Vandrakis-PyrewoodVillage;Alt;Dondrakiis-PyrewoodVillage,Dondrakis-PyrewoodVillage,Dondrakiss-PyrewoodVillage
Vardis-PyrewoodVillage;Main;
Varion-PyrewoodVillage;Main;
Veirani-PyrewoodVillage;Main;Kaixali-PyrewoodVillage,Kharroch-PyrewoodVillage,Omorax-PyrewoodVillage,Uroch-PyrewoodVillage,Xaurime-PyrewoodVillage
Veldo-MirageRaceway;;
Velsigne-PyrewoodVillage;Alt;Tutcy-PyrewoodVillage
Venatrixia-PyrewoodVillage;;
Vez-PyrewoodVillage;Main;
Vidina-MirageRaceway;Alt;Vidina-PyrewoodVillage(main)
Vidina-PyrewoodVillage;Main;Vidina-MirageRaceway
Vildhorn-PyrewoodVillage;Main;
Vildvittra-PyrewoodVillage;;
Violin-PyrewoodVillage;;
Vishious-PyrewoodVillage;Alt;Corrai-PyrewoodVillage,Dawt-PyrewoodVillage,Inkie-PyrewoodVillage,Ivyrayne-PyrewoodVillage,Libbie-PyrewoodVillage
Vlaarok-PyrewoodVillage;;
Voldertron-PyrewoodVillage;;
Vousy-NethergardeKeep;;
Vàleria-PyrewoodVillage;Main;
Vár-PyrewoodVillage;Main;Gunnvá-PyrewoodVillage
Wandanitt-PyrewoodVillage;;
Warelv-PyrewoodVillage;Main;
Warháwk-PyrewoodVillage;Main;Roflrolf-PyrewoodVillage
Warriorofmir-PyrewoodVillage;Alt;Druidofmir-PyrewoodVillage,Lockofmir-PyrewoodVillage,Markofmir-PyrewoodVillage(main)
Warstompie-PyrewoodVillage;Main;
Wayren-NethergardeKeep;Alt;Baerlyn-NethergardeKeep(main)
Weatherlight-PyrewoodVillage;Alt;Grist-PyrewoodVillage(main)
Welshyz-NethergardeKeep;;
Wesleysniper-PyrewoodVillage;;
Wetpaper-PyrewoodVillage;Main;Grisespy-PyrewoodVillage,Linensstuff-PyrewoodVillage
Whitechapel-MirageRaceway;;
Windirchad-PyrewoodVillage;Main;
Wiskeybarrel-PyrewoodVillage;Alt;Liabala-PyrewoodVillage(main),Liaherbs-MirageRaceway,Mikehunt-PyrewoodVillage,Notliabala-PyrewoodVillage,Polarbeer-PyrewoodVillage,Thebluepill-PyrewoodVillage
Woozie-PyrewoodVillage;Alt;Bonkei-PyrewoodVillage(main),Hililuk-PyrewoodVillage,Novacore-PyrewoodVillage,Roronoa-PyrewoodVillage
Wreya-PyrewoodVillage;;
Wubblers-PyrewoodVillage;;
Wànda-PyrewoodVillage;Main;Iksen-PyrewoodVillage,Neski-PyrewoodVillage
Xantar-NethergardeKeep;;
Xaurime-PyrewoodVillage;Alt;Kaixali-PyrewoodVillage,Kharroch-PyrewoodVillage,Omorax-PyrewoodVillage,Uroch-PyrewoodVillage,Veirani-PyrewoodVillage(main)
Xilra-PyrewoodVillage;;
Xixo-NethergardeKeep;Main;
Yebó-MirageRaceway;;
Yente-PyrewoodVillage;Main;
Yggdrasil-PyrewoodVillage;;
Yohan-PyrewoodVillage;;
Yojojo-PyrewoodVillage;Alt;Upsydaisy-PyrewoodVillage(main),Ziggypiggy-PyrewoodVillage
Yoyogi-PyrewoodVillage;;
Ysraic-PyrewoodVillage;Main;
Yumtums-PyrewoodVillage;Main;
Zadedruid-PyrewoodVillage;;
Zadehunt-PyrewoodVillage;;
Zadelock-PyrewoodVillage;Main;Zadezero-PyrewoodVillage
Zadepaly-PyrewoodVillage;;
Zadepriest-PyrewoodVillage;;
Zaderogue-PyrewoodVillage;;
Zadewar-PyrewoodVillage;;
Zadezero-PyrewoodVillage;Alt;Zadelock-PyrewoodVillage(main)
Zaelofix-NethergardeKeep;Alt;Agravanti-NethergardeKeep,Astalofix-NethergardeKeep,Banksg-NethergardeKeep,Banksgcoin-NethergardeKeep,Banksgherb-NethergardeKeep,Dorant-NethergardeKeep,Gurr-NethergardeKeep,Kuby-NethergardeKeep,Sluger-NethergardeKeep
Zakarian-NethergardeKeep;Main;
Zamael-MirageRaceway;;
Zamaya-PyrewoodVillage;;
Zarysha-PyrewoodVillage;;
Zeelock-NethergardeKeep;;
Zeeshan-MirageRaceway;Main;
Zerrii-PyrewoodVillage;Main;
Zeva-PyrewoodVillage;;
Zevera-PyrewoodVillage;;
Zifusheal-PyrewoodVillage;;
Ziggypiggy-PyrewoodVillage;Alt;Upsydaisy-PyrewoodVillage(main),Yojojo-PyrewoodVillage
Zintaviela-MirageRaceway;Main;
Zoraurora-PyrewoodVillage;;
Zoro-PyrewoodVillage;;
Zurt-PyrewoodVillage;Alt;Latheralus-PyrewoodVillage,Oxymoron-PyrewoodVillage,Rollins-PyrewoodVillage(main)
Zvejka-PyrewoodVillage;Main;
Zwilf-PyrewoodVillage;;
Zygo-PyrewoodVillage;;
Zygothos-PyrewoodVillage;;
Zyirin-NethergardeKeep;;
Zyx-NethergardeKeep;;
Äbraba-PyrewoodVillage;;
Èos-PyrewoodVillage;Alt;Diccinbaus-PyrewoodVillage,Ilovedeek-PyrewoodVillage
Ïsbjorn-PyrewoodVillage;Main;
Öljylantio-PyrewoodVillage;;
Ösp-PyrewoodVillage;Alt;Anqua-PyrewoodVillage(main),Ravenshade-NethergardeKeep
