wishlist,"Naxx Roster",Agobun,Agobunreturn,Hunter,0,,,1,"Desecrated Headpiece",22360,0,,,,,,,4,,"2023-06-26 17:03:03","2023-06-26 20:58:07",Naxxramas,Tokens
wishlist,"Naxx Roster",Agobun,Agobunreturn,Hunter,0,,,1,"Desecrated Headpiece",22360,0,,,,,,,4,,"2023-06-26 17:03:03","2023-06-26 20:58:07",Naxxramas,Thaddius
wishlist,"Naxx Roster",Agobun,Agobunreturn,Hunter,0,,,2,Kingsfall,22802,0,,,,,,,2,,"2023-06-26 17:03:03","2023-06-26 17:03:03",Naxxramas,Kel'Thuzad
wishlist,"Naxx Roster",Agobun,Agobunreturn,Hunter,0,,,3,"Nerubian Slavemaker",22812,0,,,,,,,2,,"2023-06-26 17:03:03","2023-06-26 20:58:07",Naxxramas,Kel'Thuzad
wishlist,"Naxx Roster",Agobun,Agobunreturn,Hunter,0,,,4,"Desecrated Spaulders",22361,0,,"2023-06-30 12:04:58",,,,,4,,"2023-06-26 17:03:03","2023-06-30 12:04:59",Naxxramas,Tokens
wishlist,"Naxx Roster",Agobun,Agobunreturn,Hunter,0,,,5,"The Eye of Nerub",23039,0,,,,,,,3,,"2023-06-26 17:03:03","2023-06-26 17:03:03",Naxxramas,Loatheb
wishlist,"Naxx Roster",Agobun,Agobunreturn,Hunter,0,,,6,"Ring of the Cryptstalker",23067,0,,"2023-06-28 13:05:36",,,,,3,,"2023-06-26 17:03:03","2023-06-28 13:05:36",Naxxramas,Tokens
wishlist,"Naxx Roster",Agobun,Agobunreturn,Hunter,0,,,6,"Ring of the Cryptstalker",23067,0,,"2023-06-28 13:05:36",,,,,3,,"2023-06-26 17:03:03","2023-06-28 13:05:36",Naxxramas,Kel'Thuzad
wishlist,"Naxx Roster",Antinormal,Antinormal,Paladin,0,,,1,"Death's Bargain",23075,0,,"2023-05-05 17:34:04",,,,,3,,"2023-05-03 19:34:32","2023-05-05 17:34:04",Naxxramas,Gluth
wishlist,"Naxx Roster",Antinormal,Antinormal,Paladin,0,,,2,"The Widow's Embrace",22942,0,,,,,,,3,,"2023-05-03 19:34:32","2023-05-03 19:34:32",Naxxramas,Faerlina
wishlist,"Naxx Roster",Antinormal,Antinormal,Paladin,0,,,3,"Cloak of Suturing",22960,0,,"2023-05-05 17:34:04",,,,,3,,"2023-05-03 19:34:32","2023-05-05 17:34:04",Naxxramas,Patchwerk
wishlist,"Naxx Roster",AuroraSylva,Aurorasylva,Warrior,0,,,1,"The Hungering Cold",23577,0,,"2023-03-18 20:35:49",,,,,2,,"2023-01-30 18:09:32","2023-03-18 20:35:49",Naxxramas,Kel'Thuzad
wishlist,"Naxx Roster",AuroraSylva,Aurorasylva,Warrior,0,,,2,"Girdle of the Mentor",23219,0,,"2023-03-18 20:35:49",,,,,3,,"2023-01-30 18:09:32","2023-03-18 20:35:49",Naxxramas,Razuvious
wishlist,"Naxx Roster",AuroraSylva,Aurorasylva,Warrior,0,,,3,"The Face of Death",23043,0,,"2023-06-30 12:04:58",,,,,3,,"2023-01-30 18:09:32","2023-06-30 12:04:59",Naxxramas,Sapphiron
wishlist,"Naxx Roster",AuroraSylva,Aurorasylva,Warrior,0,,,4,"Gressil, Dawn of Ruin",23054,1,,,,,,,2,,"2023-01-30 18:09:32","2023-05-10 09:30:45",Naxxramas,Kel'Thuzad
wishlist,"Naxx Roster",AuroraSylva,Aurorasylva,Warrior,0,,,5,"The Phylactery of Kel'Thuzad",22520,0,,"2023-03-31 20:55:37",,,,,2,,"2023-03-29 17:57:14","2023-03-31 20:55:37",Naxxramas,Kel'Thuzad
wishlist,"Naxx Roster",AuroraSylva,Aurorasylva,Warrior,0,,,6,"Legplates of Carnage",23068,0,,"2023-06-30 12:04:58",,,,,2,,"2023-03-29 17:57:14","2023-06-30 12:04:59",Naxxramas,Heigan
wishlist,"Naxx Roster",AuroraSylva,Aurorasylva,Warrior,0,,,7,"Plated Abomination Ribcage",23000,0,,"2023-04-06 15:41:40",,,,,3,,"2023-04-03 18:20:37","2023-04-06 15:41:40",Naxxramas,Thaddius
wishlist,"Naxx Roster",AuroraSylva,Aurorasylva,Warrior,0,,,8,"Ring of the Dreadnaught",23059,0,,,,,,,3,,"2023-05-05 17:44:54","2023-05-05 17:44:54",Naxxramas,Tokens
wishlist,"Naxx Roster",AuroraSylva,Aurorasylva,Warrior,0,,,8,"Ring of the Dreadnaught",23059,0,,,,,,,3,,"2023-05-05 17:44:54","2023-05-05 17:44:54",Naxxramas,Kel'Thuzad
wishlist,"Naxx Roster",Baerlyn,Baerlyn,Druid,0,,,1,"Idol of Longevity",23004,0,,"2023-02-14 22:11:23",,,,,3,,"2023-02-01 15:39:33","2023-02-14 22:11:23",Naxxramas,Razuvious
wishlist,"Naxx Roster",Baerlyn,Baerlyn,Druid,0,,,2,"Band of Unanswered Prayers",22939,0,,"2023-02-14 22:11:23",,,,,3,,"2023-02-01 15:39:33","2023-02-14 22:11:23",Naxxramas,Anub'Rekhan
wishlist,"Naxx Roster",Baerlyn,Baerlyn,Druid,0,,,3,"Eye of the Dead",23047,0,,,,,,,2,,"2023-02-14 22:11:23","2023-02-14 22:11:23",Naxxramas,Sapphiron
wishlist,"Naxx Roster",Baerlyn,Baerlyn,Druid,0,,,4,"Hammer of the Twisting Nether",23056,0,,,,,,,2,,"2023-02-14 22:11:23","2023-02-14 22:11:23",Naxxramas,Kel'Thuzad
wishlist,"Naxx Roster",Baerlyn,Baerlyn,Druid,0,,,5,"Sapphiron's Right Eye",23048,0,,"2023-03-31 20:55:37",,,,,2,,"2023-02-14 22:11:23","2023-03-31 20:55:37",Naxxramas,Sapphiron
wishlist,"Naxx Roster",Baerlyn,Baerlyn,Druid,0,,,6,"Ring of The Dreamwalker",23064,0,,"2023-03-05 23:53:44",,,,,3,,"2023-02-14 22:11:23","2023-03-05 23:53:44",Naxxramas,Tokens
wishlist,"Naxx Roster",Baerlyn,Baerlyn,Druid,0,,,6,"Ring of The Dreamwalker",23064,0,,"2023-03-05 23:53:44",,,,,3,,"2023-02-14 22:11:23","2023-03-05 23:53:44",Naxxramas,Kel'Thuzad
wishlist,"Naxx Roster",Woozie,Bonkei,Warrior,0,,,1,"The Castigator",22808,0,,,,,,,3,,"2023-05-18 09:16:48","2023-05-18 09:22:33",Naxxramas,Thaddius
wishlist,"Naxx Roster",Woozie,Bonkei,Warrior,0,,,2,"Plated Abomination Ribcage",23000,0,,,,,,,3,,"2023-05-18 09:16:48","2023-05-18 09:22:33",Naxxramas,Thaddius
wishlist,"Naxx Roster",Woozie,Bonkei,Warrior,0,,,3,"Advanced Target Dummy",4392,0,,,,,,,,,"2023-05-18 09:49:04","2023-05-18 09:49:04",,
wishlist,"Naxx Roster",Woozie,Bonkei,Warrior,0,,,4,"Advanced Target Dummy",4392,0,,,,,,,,,"2023-05-18 09:49:04","2023-05-18 09:49:04",,
wishlist,"Naxx Roster",Woozie,Bonkei,Warrior,0,,,5,"Gressil, Dawn of Ruin",23054,0,,,,,,,2,,"2023-05-18 09:16:48","2023-05-18 09:49:04",Naxxramas,Kel'Thuzad
wishlist,"Naxx Roster",Woozie,Bonkei,Warrior,0,,,6,"Nerubian Slavemaker",22812,0,,,,,,,2,,"2023-05-18 09:16:48","2023-05-18 09:49:04",Naxxramas,Kel'Thuzad
wishlist,"Naxx Roster",Woozie,Bonkei,Warrior,0,,,7,"Iblis, Blade of the Fallen Seraph",23014,1,,,,,,,2,,"2023-05-18 09:16:48","2023-05-18 09:36:38",Naxxramas,Razuvious
wishlist,"Naxx Roster",Woozie,Bonkei,Warrior,0,,,8,"Advanced Target Dummy",4392,0,,,,,,,,,"2023-05-18 09:49:04","2023-05-18 09:49:04",,
wishlist,"Naxx Roster",Woozie,Bonkei,Warrior,0,,,9,"Legplates of Carnage",23068,0,,,,,,,2,,"2023-05-18 09:16:48","2023-05-18 09:49:04",Naxxramas,Heigan
wishlist,"Naxx Roster",Woozie,Bonkei,Warrior,0,,,10,"Advanced Target Dummy",4392,0,,,,,,,,,"2023-05-18 09:49:04","2023-05-18 09:49:04",,
wishlist,"Naxx Roster",Woozie,Bonkei,Warrior,0,,,11,"Shroud of Dominion",23045,0,,,,,,,2,,"2023-05-18 09:16:48","2023-05-18 09:49:04",Naxxramas,Sapphiron
wishlist,"Naxx Roster",Woozie,Bonkei,Warrior,0,,,12,"Stormrage's Talisman of Seething",23053,0,,,,,,,2,,"2023-05-18 09:16:48","2023-05-18 09:49:04",Naxxramas,Kel'Thuzad
wishlist,"Naxx Roster",Woozie,Bonkei,Warrior,0,,,13,"Band of Unnatural Forces",23038,0,,,,,,,2,,"2023-05-18 09:16:48","2023-05-18 09:49:04",Naxxramas,Loatheb
wishlist,"Naxx Roster",Woozie,Bonkei,Warrior,0,,,14,"The Hungering Cold",23577,0,,,,,,,2,,"2023-05-18 09:16:48","2023-05-18 09:49:04",Naxxramas,Kel'Thuzad
wishlist,"Naxx Roster",Woozie,Bonkei,Warrior,0,,,15,"Slayer's Crest",23041,0,,,,,,,1,,"2023-05-18 09:16:48","2023-05-18 09:49:04",Naxxramas,Sapphiron
wishlist,"Naxx Roster",Woozie,Bonkei,Warrior,0,,,16,"Wristguards of Vengeance",22936,0,,,,,,,3,,"2023-05-18 09:16:48","2023-05-18 09:49:04",Naxxramas,Anub'Rekhan
wishlist,"Naxx Roster",Woozie,Bonkei,Warrior,0,,,17,"Widow's Remorse",22806,1,,,,,,,3,,"2023-05-18 09:16:48","2023-05-18 09:49:04",Naxxramas,Faerlina
wishlist,"Naxx Roster",Borbelade,Borbelade,Paladin,0,,,1,"Desecrated Tunic",22350,0,,,,,,,3,,"2023-05-10 16:45:20","2023-05-10 16:45:20",Naxxramas,Tokens
wishlist,"Naxx Roster",Borbelade,Borbelade,Paladin,0,,,1,"Desecrated Tunic",22350,0,,,,,,,3,,"2023-05-10 16:45:20","2023-05-10 16:45:20",Naxxramas,"Four Horsemen"
wishlist,"Naxx Roster",Borbelade,Borbelade,Paladin,0,,,2,"Maul of the Redeemed Crusader",22809,0,,,,,,,5,,"2023-05-10 16:45:20","2023-05-10 16:45:20",Naxxramas,"Four Horsemen"
wishlist,"Naxx Roster",J3b,Ceilie,Warrior,0,,,1,"Shroud of Dominion",23045,0,,"2023-03-05 23:53:44",,,,,2,,"2023-02-14 22:17:18","2023-03-05 23:53:44",Naxxramas,Sapphiron
wishlist,"Naxx Roster",J3b,Ceilie,Warrior,0,,,2,"Slayer's Crest",23041,0,,"2023-03-31 20:55:37",,,,,1,,"2023-02-14 22:17:18","2023-03-31 20:55:37",Naxxramas,Sapphiron
wishlist,"Naxx Roster",J3b,Ceilie,Warrior,0,,,3,"Nerubian Slavemaker",22812,0,,,,,,,2,,"2023-02-14 22:17:18","2023-02-14 22:17:18",Naxxramas,Kel'Thuzad
wishlist,"Naxx Roster",J3b,Ceilie,Warrior,0,,,4,"Leggings of Apocalypse",23071,0,,"2023-03-18 20:35:49",,,,,2,,"2023-02-14 22:17:18","2023-03-18 20:35:49",Naxxramas,"Four Horsemen"
wishlist,"Naxx Roster",J3b,Ceilie,Warrior,0,,,5,"Shield of Condemnation",22819,1,,"2023-06-05 15:18:26",,,,,3,,"2023-04-07 18:03:40","2023-06-05 15:18:26",Naxxramas,Kel'Thuzad
wishlist,"Naxx Roster",,Crystalide,Mage,0,,,1,"The Restrained Essence of Sapphiron",23046,0,,"2023-05-12 21:05:35",,,,,3,,"2023-02-01 16:14:52","2023-05-12 21:31:07",Naxxramas,Sapphiron
wishlist,"Naxx Roster",,Crystalide,Mage,0,,,2,"Leggings of Polarity",23070,0,,"2023-05-10 22:46:39",,,,,2,,"2023-02-01 16:14:52","2023-05-12 21:31:07",Naxxramas,Thaddius
wishlist,"Naxx Roster",,Crystalide,Mage,0,,,3,"Rime Covered Mantle",22983,0,,"2023-03-10 15:22:50",,,,,2,,"2023-02-01 16:14:52","2023-05-12 21:31:07",Naxxramas,Gluth
wishlist,"Naxx Roster",,Crystalide,Mage,0,,,4,"Sapphiron's Left Eye",23049,0,,,,,,,2,,"2023-05-12 21:31:07","2023-05-12 21:31:07",Naxxramas,Sapphiron
wishlist,"Naxx Roster",,Crystalide,Mage,0,,,5,"Gem of Trapped Innocents",23057,0,,,,,,,3,,"2023-05-12 21:31:07","2023-05-12 21:31:07",Naxxramas,Kel'Thuzad
wishlist,"Naxx Roster",,Crystalide,Mage,0,,,6,"Power of the Scourge",23545,0,,"2023-05-22 18:34:06",,,,,2,,"2023-05-12 21:31:07","2023-05-22 18:34:06",Naxxramas,Sapphiron
wishlist,"Naxx Roster",,Crystalide,Mage,0,,,7,"Cloak of the Necropolis",23050,0,,"2023-05-22 18:34:06",,,,,2,,"2023-05-12 21:31:07","2023-05-22 18:34:06",Naxxramas,Sapphiron
wishlist,"Naxx Roster",Darkage,Darkage,Mage,0,,,1,"Wraith Blade",22807,0,,"2023-02-01 16:13:58",,,,,1,,"2023-02-01 16:13:58","2023-02-01 16:13:58",Naxxramas,Maexxna
wishlist,"Naxx Roster",Darkage,Darkage,Mage,0,,,2,"The Restrained Essence of Sapphiron",23046,0,,"2023-05-07 11:53:01",,,,,3,,"2023-02-01 16:13:58","2023-05-07 11:53:01",Naxxramas,Sapphiron
wishlist,"Naxx Roster",Darkage,Darkage,Mage,0,,,3,"Leggings of Polarity",23070,0,,"2023-05-05 17:34:04",,,,,2,,"2023-03-17 18:02:13","2023-05-05 17:34:04",Naxxramas,Thaddius
wishlist,"Naxx Roster",Darkage,Darkage,Mage,0,,,4,"Cloak of the Necropolis",23050,0,,"2023-03-05 23:53:44",,,,,2,,"2023-02-01 16:13:58","2023-03-05 23:53:44",Naxxramas,Sapphiron
wishlist,"Naxx Roster",Darkage,Darkage,Mage,0,,,5,"Frostfire Ring",23062,0,,,,,,,3,,"2023-05-19 10:50:03","2023-05-19 10:50:03",Naxxramas,Tokens
wishlist,"Naxx Roster",Darkage,Darkage,Mage,0,,,5,"Frostfire Ring",23062,0,,,,,,,3,,"2023-05-19 10:50:03","2023-05-19 10:50:03",Naxxramas,Kel'Thuzad
wishlist,"Naxx Roster",Darkage,Darkage,Mage,0,,,6,"Gem of Trapped Innocents",23057,0,,,,,,,3,,"2023-05-19 10:50:03","2023-05-19 10:50:03",Naxxramas,Kel'Thuzad
wishlist,"Naxx Roster","Saal / Deltoïde",Deltoïde,Warrior,0,,,2,"The Castigator",22808,0,,"2023-02-01 15:28:35",,,,,3,,"2023-02-01 15:28:35","2023-02-01 15:28:35",Naxxramas,Thaddius
wishlist,"Naxx Roster","Saal / Deltoïde",Deltoïde,Warrior,0,,,3,"Kiss of the Spider",22954,0,,,,,,,1,,"2023-02-01 15:28:35","2023-02-01 15:28:35",Naxxramas,Maexxna
wishlist,"Naxx Roster","Saal / Deltoïde",Deltoïde,Warrior,0,,,4,"Shroud of Dominion",23045,0,,,,,,,2,,"2023-02-01 15:28:35","2023-02-01 15:28:35",Naxxramas,Sapphiron
wishlist,"Naxx Roster",Dondrakis,Dondrakiis,Paladin,0,,,1,"Corrupted Ashbringer",22691,0,,"2023-06-09 22:09:20",,,,,3,,"2023-02-01 19:42:44","2023-06-09 22:09:20",Naxxramas,"Four Horsemen"
wishlist,"Naxx Roster",Dondrakis,Dondrakiis,Paladin,0,,,2,"Eye of the Dead",23047,0,,"2023-07-16 16:51:10",,,,,2,,"2023-02-01 19:42:44","2023-07-16 16:51:10",Naxxramas,Sapphiron
wishlist,"Naxx Roster",Dondrakis,Dondrakiis,Paladin,0,,,3,"Hammer of the Twisting Nether",23056,0,,,,,,,2,,"2023-02-01 19:42:44","2023-02-01 19:42:44",Naxxramas,Kel'Thuzad
wishlist,"Naxx Roster",Dondrakis,Dondrakiis,Paladin,0,,,4,"Cloak of Suturing",22960,0,,"2023-04-26 19:03:15",,,,,3,,"2023-04-12 15:27:35","2023-04-26 19:03:15",Naxxramas,Patchwerk
wishlist,"Naxx Roster","Doomkeeper / Ashesbringer",Doomkeeper,Warlock,0,,,1,"Cloak of the Necropolis",23050,0,,"2023-04-12 18:13:14",,,,,2,,"2023-02-01 16:18:25","2023-04-12 18:13:14",Naxxramas,Sapphiron
wishlist,"Naxx Roster","Doomkeeper / Ashesbringer",Doomkeeper,Warlock,0,,,2,"Advanced Target Dummy",4392,0,,,,,,,,,"2023-02-22 16:58:36","2023-02-22 16:58:36",,
wishlist,"Naxx Roster","Doomkeeper / Ashesbringer",Doomkeeper,Warlock,0,,,3,"The Phylactery of Kel'Thuzad",22520,0,,"2023-02-25 18:01:37",,,,,2,,"2023-02-22 16:58:36","2023-02-25 18:01:37",Naxxramas,Kel'Thuzad
wishlist,"Naxx Roster",Driel,Driel,Druid,0,,,1,"Warmth of Forgiveness",23027,0,,"2023-03-31 20:55:37",,,,,4,,"2023-02-02 10:26:48","2023-03-31 20:55:37",Naxxramas,"Four Horsemen"
wishlist,"Naxx Roster",Driel,Driel,Druid,0,,,2,"Target Dummy",4366,0,,,,,,,,,"2023-02-03 14:24:04","2023-02-03 14:24:04",,
wishlist,"Naxx Roster",Driel,Driel,Druid,0,,,3,"Cloak of Suturing",22960,0,,"2023-03-10 15:22:50",,,,,3,,"2023-02-02 10:26:48","2023-03-10 15:22:50",Naxxramas,Patchwerk
wishlist,"Naxx Roster",Driel,Driel,Druid,0,,,4,"The Widow's Embrace",22942,0,,"2023-02-23 20:53:23",,,,,3,,"2023-02-20 13:36:10","2023-02-23 20:53:23",Naxxramas,Faerlina
wishlist,"Naxx Roster",Driel,Driel,Druid,0,,,5,"Ring of The Dreamwalker",23064,0,,,,,,,3,,"2023-04-08 14:36:22","2023-04-08 14:36:22",Naxxramas,Tokens
wishlist,"Naxx Roster",Driel,Driel,Druid,0,,,5,"Ring of The Dreamwalker",23064,0,,,,,,,3,,"2023-04-08 14:36:22","2023-04-08 14:36:22",Naxxramas,Kel'Thuzad
wishlist,"Naxx Roster",Driel,Driel,Druid,0,,,6,"Desecrated Tunic",22350,0,,"2023-04-03 18:17:33",,,,,3,,"2023-03-10 17:14:50","2023-04-08 14:36:49",Naxxramas,Tokens
wishlist,"Naxx Roster",Driel,Driel,Druid,0,,,6,"Desecrated Tunic",22350,0,,"2023-04-03 18:17:33",,,,,3,,"2023-03-10 17:14:50","2023-04-08 14:36:49",Naxxramas,"Four Horsemen"
wishlist,"Naxx Roster",Driel,Driel,Druid,0,,,7,"Resilience of the Scourge",23547,0,,"2023-04-08 14:36:22",,,,,2,,"2023-03-29 18:06:46","2023-04-08 14:36:49",Naxxramas,Sapphiron
wishlist,"Naxx Roster",Driel,Driel,Druid,0,,,8,"Sapphiron's Right Eye",23048,0,,,,,,,2,,"2023-04-03 18:17:33","2023-04-08 14:36:49",Naxxramas,Sapphiron
wishlist,"Naxx Roster",Driel,Driel,Druid,0,,,9,"Resilience of the Scourge",23547,0,,"2023-04-12 18:13:14",,,,,2,,"2023-04-08 14:36:22","2023-04-12 18:13:14",Naxxramas,Sapphiron
wishlist,"Naxx Roster",Eboron,Eboron,Paladin,0,,,1,"Girdle of the Mentor",23219,0,,,,,,,3,,"2023-02-01 15:42:30","2023-06-02 17:59:14",Naxxramas,Razuvious
wishlist,"Naxx Roster",Eboron,Eboron,Paladin,0,,,2,"Slayer's Crest",23041,0,,"2023-06-28 13:05:36",,,,,1,,"2023-02-14 21:56:22","2023-06-28 13:05:36",Naxxramas,Sapphiron
wishlist,"Naxx Roster",Eboron,Eboron,Paladin,0,,,3,"Might of Menethil",22798,0,,,,,,,3,,"2023-02-01 15:42:30","2023-06-02 17:59:14",Naxxramas,Kel'Thuzad
wishlist,"Naxx Roster",Eboron,Eboron,Paladin,0,,,4,"Wristguards of Vengeance",22936,0,,"2023-02-14 21:56:22",,,,,3,,"2023-02-01 15:42:30","2023-02-14 21:56:22",Naxxramas,Anub'Rekhan
wishlist,"Naxx Roster",Eboron,Eboron,Paladin,0,,,5,"Kiss of the Spider",22954,0,,,,,,,1,,"2023-06-02 17:59:14","2023-06-02 17:59:14",Naxxramas,Maexxna
wishlist,"Naxx Roster",Eboron,Eboron,Paladin,0,,,6,"Cloak of Suturing",22960,0,,,,,,,3,,"2023-06-26 19:03:52","2023-06-26 19:03:52",Naxxramas,Patchwerk
wishlist,"Naxx Roster",Eboron,Eboron,Paladin,0,,,7,"Band of Unanswered Prayers",22939,0,,,,,,,3,,"2023-06-26 19:03:52","2023-06-26 19:03:52",Naxxramas,Anub'Rekhan
wishlist,"Naxx Roster",Eboron,Eboron,Paladin,0,,,8,"Shield of Condemnation",22819,0,,"2023-07-16 16:51:10",,,,,3,,"2023-06-26 19:03:52","2023-07-16 16:51:10",Naxxramas,Kel'Thuzad
wishlist,"Naxx Roster",Eboron,Eboron,Paladin,0,,,9,"Hammer of the Twisting Nether",23056,0,,,,,,,2,,"2023-06-26 19:03:52","2023-06-26 19:03:52",Naxxramas,Kel'Thuzad
wishlist,"Naxx Roster",Eboron,Eboron,Paladin,0,,,10,"Libram of Light",23006,0,,,,,,,4,,"2023-06-26 19:03:52","2023-06-26 19:03:52",Naxxramas,Noth
wishlist,"Naxx Roster",Eboron,Eboron,Paladin,0,,,11,"Ring of Redemption",23066,0,,"2023-06-28 13:05:36",,,,,4,,"2023-06-26 19:03:52","2023-06-28 13:05:36",Naxxramas,Tokens
wishlist,"Naxx Roster",Eboron,Eboron,Paladin,0,,,11,"Ring of Redemption",23066,0,,"2023-06-28 13:05:36",,,,,4,,"2023-06-26 19:03:52","2023-06-28 13:05:36",Naxxramas,Kel'Thuzad
wishlist,"Naxx Roster",Eboron,Eboron,Paladin,0,,,12,"Redemption Spaulders",22429,0,,,,,,,,,"2023-06-26 19:03:52","2023-06-26 19:03:52",,
wishlist,"Naxx Roster",Eboron,Eboron,Paladin,0,,,13,"Redemption Tunic",22425,0,,,,,,,,,"2023-06-26 19:03:52","2023-06-26 19:03:52",,
wishlist,"Naxx Roster",Emboukkan,Emboukkan,Warrior,0,,,2,"Band of Unnatural Forces",23038,0,,"2023-03-31 18:33:17",,,,,2,,"2023-02-01 16:26:55","2023-03-31 18:33:17",Naxxramas,Loatheb
wishlist,"Naxx Roster",Emboukkan,Emboukkan,Warrior,0,,,3,"Stormrage's Talisman of Seething",23053,0,,"2023-06-28 13:05:36",,,,,2,,"2023-02-01 16:26:55","2023-06-28 13:05:36",Naxxramas,Kel'Thuzad
wishlist,"Naxx Roster",Emboukkan,Emboukkan,Warrior,0,,,4,"Shroud of Dominion",23045,0,,"2023-03-18 20:35:49",,,,,2,,"2023-02-01 16:26:55","2023-03-18 20:35:49",Naxxramas,Sapphiron
wishlist,"Naxx Roster",Alkisa/Erguine,Erguine,Rogue,0,,,1,Kingsfall,22802,0,,,,,,,2,,"2023-02-01 15:53:04","2023-02-01 15:53:04",Naxxramas,Kel'Thuzad
wishlist,"Naxx Roster",Alkisa/Erguine,Erguine,Rogue,0,,,2,"Slayer's Crest",23041,0,,,,,,,1,,"2023-02-01 15:53:04","2023-02-01 15:53:04",Naxxramas,Sapphiron
wishlist,"Naxx Roster",Alkisa/Erguine,Erguine,Rogue,0,,,3,"Kiss of the Spider",22954,0,,,,,,,1,,"2023-02-01 15:53:04","2023-02-01 15:53:04",Naxxramas,Maexxna
wishlist,"Naxx Roster",Alkisa/Erguine,Erguine,Rogue,0,,,4,"Band of Unnatural Forces",23038,0,,,,,,,2,,"2023-02-01 15:53:04","2023-02-01 15:53:04",Naxxramas,Loatheb
wishlist,"Naxx Roster",Escanør,Escanør,Warrior,0,,,1,"Dreadnaught Breastplate",22416,1,,"2023-04-12 18:13:14",,,,,,,"2023-02-24 16:13:54","2023-04-12 18:13:14",,
wishlist,"Naxx Roster",Escanør,Escanør,Warrior,0,,,2,"Dreadnaught Pauldrons",22419,0,,"2023-03-08 19:43:21",,,,,,,"2023-02-24 16:13:54","2023-03-08 19:43:21",,
wishlist,"Naxx Roster",Escanør,Escanør,Warrior,0,,,3,"Corrupted Ashbringer",22691,1,,,,,,,3,,"2023-02-08 08:06:27","2023-03-14 13:45:38",Naxxramas,"Four Horsemen"
wishlist,"Naxx Roster",Escanør,Escanør,Warrior,0,,,4,"Dreadnaught Sabatons",22420,0,,"2023-03-05 23:53:44",,,,,,,"2023-02-24 16:13:54","2023-03-05 23:53:44",,
wishlist,"Naxx Roster",Escanør,Escanør,Warrior,0,,,5,"Gressil, Dawn of Ruin",23054,0,,,,,,,2,,"2023-02-08 08:06:27","2023-02-24 16:13:54",Naxxramas,Kel'Thuzad
wishlist,"Naxx Roster",Escanør,Escanør,Warrior,0,,,6,"Iblis, Blade of the Fallen Seraph",23014,0,,"2023-05-25 16:17:55",,,,,2,,"2023-02-08 08:06:27","2023-05-25 16:17:55",Naxxramas,Razuvious
wishlist,"Naxx Roster",Escanør,Escanør,Warrior,0,,,7,"Dreadnaught Legplates",22417,0,,"2023-03-10 15:22:18",,,,,,,"2023-02-24 16:13:54","2023-03-14 13:45:38",,
wishlist,"Naxx Roster",Escanør,Escanør,Warrior,0,,,8,"Girdle of the Mentor",23219,0,,,,,,,3,,"2023-02-08 08:06:27","2023-02-24 16:13:54",Naxxramas,Razuvious
wishlist,"Naxx Roster",Escanør,Escanør,Warrior,0,,,9,"Legplates of Carnage",23068,0,,,,,,,2,,"2023-02-08 08:06:27","2023-02-24 16:13:54",Naxxramas,Heigan
wishlist,"Naxx Roster",Escanør,Escanør,Warrior,0,,,10,"Plated Abomination Ribcage",23000,0,,"2023-04-27 18:28:40",,,,,3,,"2023-03-10 17:20:16","2023-04-27 18:28:40",Naxxramas,Thaddius
wishlist,"Naxx Roster",Escanør,Escanør,Warrior,0,,,11,"Wristguards of Vengeance",22936,0,,"2023-06-05 15:18:26",,,,,3,,"2023-03-10 17:21:34","2023-06-05 15:18:26",Naxxramas,Anub'Rekhan
wishlist,"Naxx Roster",Escanør,Escanør,Warrior,0,,,12,"Widow's Remorse",22806,1,,"2023-05-25 16:17:55",,,,,3,,"2023-03-10 17:21:34","2023-05-25 16:17:55",Naxxramas,Faerlina
wishlist,"Naxx Roster",Escanør,Escanør,Warrior,0,,,13,"The Plague Bearer",22818,1,,"2023-05-10 22:46:39",,,,,3,,"2023-03-10 17:21:34","2023-05-10 22:46:39",Naxxramas,Patchwerk
wishlist,"Naxx Roster",Escanør,Escanør,Warrior,0,,,14,"The Hungering Cold",23577,0,,,,,,,2,,"2023-03-10 17:21:34","2023-03-10 17:21:34",Naxxramas,Kel'Thuzad
wishlist,"Naxx Roster",Escanør,Escanør,Warrior,0,,,15,"The Face of Death",23043,1,,,,,,,3,,"2023-03-10 17:21:34","2023-03-10 17:21:34",Naxxramas,Sapphiron
wishlist,"Naxx Roster",Escanør,Escanør,Warrior,0,,,16,"Dreadnaught Bracers",22423,0,,"2023-03-16 11:54:15",,,,,,,"2023-03-14 13:48:29","2023-03-16 11:54:15",,
wishlist,"Naxx Roster",Escanør,Escanør,Warrior,0,,,17,"Dreadnaught Waistguard",22422,0,,"2023-04-26 19:03:15",,,,,,,"2023-03-14 13:48:29","2023-04-26 19:03:15",,
wishlist,"Naxx Roster",Escanør,Escanør,Warrior,0,,,18,"Ring of the Dreadnaught",23059,0,,"2023-03-18 20:35:49",,,,,3,,"2023-03-15 22:26:32","2023-03-18 20:35:49",Naxxramas,Tokens
wishlist,"Naxx Roster",Escanør,Escanør,Warrior,0,,,18,"Ring of the Dreadnaught",23059,0,,"2023-03-18 20:35:49",,,,,3,,"2023-03-15 22:26:32","2023-03-18 20:35:49",Naxxramas,Kel'Thuzad
wishlist,"Naxx Roster",Escanør,Escanør,Warrior,0,,,19,"Cryptfiend Silk Cloak",22938,0,,"2023-04-27 18:28:40",,,,,2,,"2023-04-19 18:16:34","2023-04-27 18:28:40",Naxxramas,Anub'Rekhan
wishlist,"Naxx Roster",Escanør,Escanør,Warrior,0,,,20,"Claymore of Unholy Might",22813,0,,"2023-04-27 18:28:40",,,,,5,,"2023-04-19 18:16:34","2023-04-27 18:28:40",Naxxramas,Gluth
wishlist,"Naxx Roster",Escanør,Escanør,Warrior,0,,,21,"Gluth's Missing Collar",22981,0,,"2023-04-26 19:03:15",,,,,4,,"2023-04-19 18:26:24","2023-04-26 19:03:15",Naxxramas,Gluth
wishlist,"Naxx Roster",Escanør,Escanør,Warrior,0,,,22,"Glyph of Deflection",23040,0,,,,,,,3,,"2023-04-19 18:26:24","2023-04-19 18:26:24",Naxxramas,Sapphiron
wishlist,"Naxx Roster",Exris,Ezelleas,Mage,0,,,1,"Advanced Target Dummy",4392,0,,,,,,,,,"2023-05-26 18:52:00","2023-05-26 18:52:00",,
wishlist,"Naxx Roster",Exris,Ezelleas,Mage,0,,,2,"Advanced Target Dummy",4392,0,,,,,,,,,"2023-05-26 18:52:00","2023-05-26 18:52:00",,
wishlist,"Naxx Roster",Exris,Ezelleas,Mage,0,,,3,"Advanced Target Dummy",4392,0,,,,,,,,,"2023-05-26 18:52:00","2023-05-26 18:52:00",,
wishlist,"Naxx Roster",Exris,Ezelleas,Mage,0,,,4,"Advanced Target Dummy",4392,0,,,,,,,,,"2023-05-26 18:52:00","2023-05-26 18:52:00",,
wishlist,"Naxx Roster",Exris,Ezelleas,Mage,0,,,5,"Frostfire Ring",23062,0,,,,,,,3,,"2023-05-26 18:52:00","2023-05-26 18:52:00",Naxxramas,Tokens
wishlist,"Naxx Roster",Exris,Ezelleas,Mage,0,,,5,"Frostfire Ring",23062,0,,,,,,,3,,"2023-05-26 18:52:00","2023-05-26 18:52:00",Naxxramas,Kel'Thuzad
wishlist,"Naxx Roster",Exris,Ezelleas,Mage,0,,,6,"Sapphiron's Left Eye",23049,0,,,,,,,2,,"2023-05-26 18:52:00","2023-05-26 18:52:00",Naxxramas,Sapphiron
wishlist,"Naxx Roster",Exris,Ezelleas,Mage,0,,,7,"Cloak of the Necropolis",23050,0,,,,,,,2,,"2023-05-26 18:52:00","2023-05-26 18:52:00",Naxxramas,Sapphiron
wishlist,"Naxx Roster",Fabar,Fabar,Druid,0,,,1,"Idol of Longevity",23004,0,,"2023-04-14 15:19:55",,,,,3,,"2023-03-31 21:03:30","2023-04-14 15:19:55",Naxxramas,Razuvious
wishlist,"Naxx Roster",Fabar,Fabar,Druid,0,,,2,"Desecrated Girdle",22363,0,,"2023-04-14 15:19:55",,,,,4,,"2023-03-31 21:03:30","2023-04-14 15:19:55",Naxxramas,Tokens
wishlist,"Naxx Roster",Fabar,Fabar,Druid,0,,,3,"Cloak of Suturing",22960,0,,"2023-04-14 15:19:55",,,,,3,,"2023-03-31 21:03:30","2023-04-14 15:19:55",Naxxramas,Patchwerk
wishlist,"Naxx Roster",Fabar,Fabar,Druid,0,,,4,"Spire of Twilight",22801,0,,"2023-04-14 15:19:55",,,,,3,,"2023-03-31 21:03:30","2023-04-14 15:19:55",Naxxramas,Thaddius
wishlist,"Naxx Roster",Fabar,Fabar,Druid,0,,,5,"Eye of the Dead",23047,0,,,,,,,2,,"2023-03-31 21:03:30","2023-03-31 21:03:30",Naxxramas,Sapphiron
wishlist,"Naxx Roster",Fabar,Fabar,Druid,0,,,6,"Ring of The Dreamwalker",23064,0,,,,,,,3,,"2023-03-31 21:03:30","2023-03-31 21:03:30",Naxxramas,Tokens
wishlist,"Naxx Roster",Fabar,Fabar,Druid,0,,,6,"Ring of The Dreamwalker",23064,0,,,,,,,3,,"2023-03-31 21:03:30","2023-03-31 21:03:30",Naxxramas,Kel'Thuzad
wishlist,"Naxx Roster",shionn,Galyenai,Priest,0,,,1,"Eye of the Dead",23047,0,,"2023-02-17 21:23:11",,,,,2,,"2023-02-01 16:04:53","2023-02-17 21:23:11",Naxxramas,Sapphiron
wishlist,"Naxx Roster",shionn,Galyenai,Priest,0,,,2,"Wand of the Whispering Dead",23009,0,,"2023-02-17 21:23:11",,,,,3,,"2023-02-01 16:04:53","2023-02-17 21:23:11",Naxxramas,Razuvious
wishlist,"Naxx Roster",shionn,Galyenai,Priest,0,,,3,"Advanced Target Dummy",4392,0,,,,,,,,,"2023-02-17 21:24:38","2023-02-17 21:24:38",,
wishlist,"Naxx Roster",shionn,Galyenai,Priest,0,,,4,"Ring of Faith",23061,0,,"2023-02-25 18:01:37",,,,,3,,"2023-02-17 21:24:38","2023-02-25 18:01:37",Naxxramas,Tokens
wishlist,"Naxx Roster",shionn,Galyenai,Priest,0,,,4,"Ring of Faith",23061,0,,"2023-02-25 18:01:37",,,,,3,,"2023-02-17 21:24:38","2023-02-25 18:01:37",Naxxramas,Kel'Thuzad
wishlist,"Naxx Roster",Gladri,Gladri,Priest,0,,,1,"Warmth of Forgiveness",23027,0,,"2023-04-12 18:13:14",,,,,4,,"2023-02-01 16:07:51","2023-04-12 18:13:14",Naxxramas,"Four Horsemen"
wishlist,"Naxx Roster",Gladri,Gladri,Priest,0,,,2,"Eye of the Dead",23047,0,,"2023-05-02 23:21:56",,,,,2,,"2023-02-01 16:07:51","2023-05-02 23:21:56",Naxxramas,Sapphiron
wishlist,"Naxx Roster",Gladri,Gladri,Priest,0,,,3,"Band of Unanswered Prayers",22939,0,,,,,,,3,,"2023-02-01 16:07:51","2023-02-01 16:07:51",Naxxramas,Anub'Rekhan
wishlist,"Naxx Roster",Gladri,Gladri,Priest,0,,,4,"Wand of the Whispering Dead",23009,0,,"2023-02-01 16:07:51",,,,,3,,"2023-02-01 16:07:51","2023-02-01 16:07:51",Naxxramas,Razuvious
wishlist,"Naxx Roster",DrGonz,Gonz,Warrior,0,,,1,"The Face of Death",23043,0,,"2023-02-25 18:01:37",,,,,3,,"2023-02-01 15:18:51","2023-03-18 09:55:24",Naxxramas,Sapphiron
wishlist,"Naxx Roster",DrGonz,Gonz,Warrior,0,,,2,"Advanced Target Dummy",4392,0,,,,,,,,,"2023-03-18 09:55:24","2023-03-18 09:55:24",,
wishlist,"Naxx Roster",DrGonz,Gonz,Warrior,0,,,3,"Kiss of the Spider",22954,0,,,,,,,1,,"2023-02-01 15:18:51","2023-02-01 15:18:51",Naxxramas,Maexxna
wishlist,"Naxx Roster",DrGonz,Gonz,Warrior,0,,,4,"Advanced Target Dummy",4392,0,,,,,,,,,"2023-03-18 09:55:24","2023-03-18 09:55:24",,
wishlist,"Naxx Roster",DrGonz,Gonz,Warrior,0,,,5,"Stormrage's Talisman of Seething",23053,0,,"2023-07-05 19:00:02",,,,,2,,"2023-03-18 09:55:24","2023-07-05 19:00:02",Naxxramas,Kel'Thuzad
wishlist,"Naxx Roster",DrGonz,Gonz,Warrior,0,,,6,"Band of Unnatural Forces",23038,0,,,,,,,2,,"2023-03-18 09:55:24","2023-03-18 09:55:24",Naxxramas,Loatheb
wishlist,"Naxx Roster",DrGonz,Gonz,Warrior,0,,,7,"Might of the Scourge",23548,0,,"2023-03-31 20:55:37",,,,,2,,"2023-03-18 09:55:24","2023-03-31 20:55:37",Naxxramas,Sapphiron
wishlist,"Naxx Roster",DrGonz,Gonz,Warrior,0,,,8,"Shroud of Dominion",23045,0,,,,,,,2,,"2023-03-18 09:55:24","2023-03-18 09:55:24",Naxxramas,Sapphiron
wishlist,"Naxx Roster",DrGonz,Gonz,Warrior,0,,,9,"The Phylactery of Kel'Thuzad",22520,0,,"2023-05-05 20:27:31",,,,,2,,"2023-03-18 09:55:24","2023-05-05 20:27:31",Naxxramas,Kel'Thuzad
wishlist,"Naxx Roster",Grist,Grist,Warrior,0,,"Please add   1x Iblis, Blade of the Fallen Seraph (much better than my current tank OH - Sandstone hammer)  and  1 x The Castigator for DPS",1,"Advanced Target Dummy",4392,0,,,,,,,,,"2023-02-17 21:18:03","2023-02-17 21:18:03",,
wishlist,"Naxx Roster",Grist,Grist,Warrior,0,,"Please add   1x Iblis, Blade of the Fallen Seraph (much better than my current tank OH - Sandstone hammer)  and  1 x The Castigator for DPS",2,"Advanced Target Dummy",4392,0,,,,,,,,,"2023-02-17 21:18:03","2023-02-17 21:18:03",,
wishlist,"Naxx Roster",Grist,Grist,Warrior,0,,"Please add   1x Iblis, Blade of the Fallen Seraph (much better than my current tank OH - Sandstone hammer)  and  1 x The Castigator for DPS",3,"Advanced Target Dummy",4392,0,,,,,,,,,"2023-02-17 21:18:03","2023-02-17 21:18:03",,
wishlist,"Naxx Roster",Grist,Grist,Warrior,0,,"Please add   1x Iblis, Blade of the Fallen Seraph (much better than my current tank OH - Sandstone hammer)  and  1 x The Castigator for DPS",4,"The Hungering Cold",23577,0,,"2023-06-05 15:18:26",,,,,2,,"2023-02-01 15:25:25","2023-06-05 15:18:26",Naxxramas,Kel'Thuzad
wishlist,"Naxx Roster",Grist,Grist,Warrior,0,,"Please add   1x Iblis, Blade of the Fallen Seraph (much better than my current tank OH - Sandstone hammer)  and  1 x The Castigator for DPS",5,"Gressil, Dawn of Ruin",23054,1,,"2023-07-16 16:51:10",,,,,2,,"2023-06-09 20:25:56","2023-07-16 16:51:10",Naxxramas,Kel'Thuzad
wishlist,"Naxx Roster",Grist,Grist,Warrior,0,,"Please add   1x Iblis, Blade of the Fallen Seraph (much better than my current tank OH - Sandstone hammer)  and  1 x The Castigator for DPS",6,"Iblis, Blade of the Fallen Seraph",23014,1,,"2023-05-10 22:46:39",,,,,2,,"2023-02-08 07:52:09","2023-05-10 22:46:39",Naxxramas,Razuvious
wishlist,"Naxx Roster",Grist,Grist,Warrior,0,,"Please add   1x Iblis, Blade of the Fallen Seraph (much better than my current tank OH - Sandstone hammer)  and  1 x The Castigator for DPS",7,"Plated Abomination Ribcage",23000,0,,"2023-03-24 18:45:39",,,,,3,,"2023-02-17 19:35:03","2023-03-24 18:45:39",Naxxramas,Thaddius
wishlist,"Naxx Roster",Grist,Grist,Warrior,0,,"Please add   1x Iblis, Blade of the Fallen Seraph (much better than my current tank OH - Sandstone hammer)  and  1 x The Castigator for DPS",8,"The Phylactery of Kel'Thuzad",22520,0,,"2023-04-12 18:13:14",,,,,2,,"2023-02-17 19:38:09","2023-04-12 18:13:14",Naxxramas,Kel'Thuzad
wishlist,"Naxx Roster",Grist,Grist,Warrior,0,,"Please add   1x Iblis, Blade of the Fallen Seraph (much better than my current tank OH - Sandstone hammer)  and  1 x The Castigator for DPS",9,"Legplates of Carnage",23068,1,,,,,,,2,,"2023-03-17 22:40:38","2023-05-17 10:42:07",Naxxramas,Heigan
wishlist,"Naxx Roster",Grist,Grist,Warrior,0,,"Please add   1x Iblis, Blade of the Fallen Seraph (much better than my current tank OH - Sandstone hammer)  and  1 x The Castigator for DPS",10,"Might of the Scourge",23548,0,,"2023-05-05 19:44:37",,,,,2,,"2023-03-31 20:49:47","2023-05-05 19:44:37",Naxxramas,Sapphiron
wishlist,"Naxx Roster",Grist,Grist,Warrior,0,,"Please add   1x Iblis, Blade of the Fallen Seraph (much better than my current tank OH - Sandstone hammer)  and  1 x The Castigator for DPS",11,"Band of Unnatural Forces",23038,1,,,,,,,2,,"2023-04-26 13:04:40","2023-05-17 10:42:07",Naxxramas,Loatheb
wishlist,"Naxx Roster",Grist,Grist,Warrior,0,,"Please add   1x Iblis, Blade of the Fallen Seraph (much better than my current tank OH - Sandstone hammer)  and  1 x The Castigator for DPS",12,"Stormrage's Talisman of Seething",23053,1,,,,,,,2,,"2023-04-26 13:49:25","2023-05-17 10:42:07",Naxxramas,Kel'Thuzad
wishlist,"Naxx Roster",Grist,Grist,Warrior,0,,"Please add   1x Iblis, Blade of the Fallen Seraph (much better than my current tank OH - Sandstone hammer)  and  1 x The Castigator for DPS",13,"The Face of Death",23043,0,,"2023-06-30 12:04:58",,,,,3,,"2023-05-05 17:04:41","2023-06-30 12:04:59",Naxxramas,Sapphiron
wishlist,"Naxx Roster",Grist,Grist,Warrior,0,,"Please add   1x Iblis, Blade of the Fallen Seraph (much better than my current tank OH - Sandstone hammer)  and  1 x The Castigator for DPS",14,"Slayer's Crest",23041,0,,,,,,,1,,"2023-05-05 17:04:41","2023-05-05 17:04:41",Naxxramas,Sapphiron
wishlist,"Naxx Roster",Gwen,Gwenito,Priest,0,,,1,"Wand of the Whispering Dead",23009,0,,"2023-03-05 23:53:44",,,,,3,,"2023-02-01 16:10:55","2023-03-15 21:26:51",Naxxramas,Razuvious
wishlist,"Naxx Roster",Gwen,Gwenito,Priest,0,,,2,"Band of Unanswered Prayers",22939,0,,"2023-03-10 15:22:50",,,,,3,,"2023-02-01 16:10:55","2023-03-15 21:26:51",Naxxramas,Anub'Rekhan
wishlist,"Naxx Roster",Gwen,Gwenito,Priest,0,,,3,"Resilience of the Scourge",23547,0,,"2023-02-25 18:01:37",,,,,2,,"2023-02-01 16:10:55","2023-03-15 21:26:51",Naxxramas,Sapphiron
wishlist,"Naxx Roster",Gwen,Gwenito,Priest,0,,,4,"Cloak of Suturing",22960,0,,"2023-03-31 18:33:17",,,,,3,,"2023-03-15 21:26:51","2023-03-31 18:33:17",Naxxramas,Patchwerk
wishlist,"Naxx Roster",Henk,Henk,Rogue,0,,,1,"Bonescythe Ring",23060,0,,"2023-03-31 20:55:37",,,,,3,,"2023-03-14 14:15:33","2023-03-31 20:55:37",Naxxramas,Tokens
wishlist,"Naxx Roster",Henk,Henk,Rogue,0,,,1,"Bonescythe Ring",23060,0,,"2023-03-31 20:55:37",,,,,3,,"2023-03-14 14:15:33","2023-03-31 20:55:37",Naxxramas,Kel'Thuzad
wishlist,"Naxx Roster",Henk,Henk,Rogue,0,,,2,"Bonescythe Breastplate",22476,0,,"2023-04-12 18:13:14",,,,,,,"2023-03-14 14:15:33","2023-04-12 18:13:14",,
wishlist,"Naxx Roster",Henk,Henk,Rogue,0,,,3,"Bonescythe Gauntlets",22481,0,,"2023-03-16 11:54:15",,,,,,,"2023-03-14 14:15:33","2023-03-16 11:54:15",,
wishlist,"Naxx Roster",Henk,Henk,Rogue,0,,,4,"Bonescythe Legplates",22477,0,,"2023-03-16 11:55:05",,,,,,,"2023-03-14 14:15:33","2023-03-16 11:55:05",,
wishlist,"Naxx Roster",Henk,Henk,Rogue,0,,,5,"Gressil, Dawn of Ruin",23054,0,,,,,,,2,,"2023-03-14 14:15:33","2023-03-14 14:15:33",Naxxramas,Kel'Thuzad
wishlist,"Naxx Roster",Henk,Henk,Rogue,0,,,6,"Iblis, Blade of the Fallen Seraph",23014,0,,,,,,,2,,"2023-03-14 14:15:33","2023-03-14 14:15:33",Naxxramas,Razuvious
wishlist,"Naxx Roster",Henk,Henk,Rogue,0,,,7,"Desecrated Pauldrons",22354,0,,"2023-03-16 11:54:15",,,,,4,,"2023-03-14 16:28:32","2023-03-16 11:54:15",Naxxramas,Tokens
wishlist,"Naxx Roster",Henk,Henk,Rogue,0,,,8,"Desecrated Sabatons",22358,0,,"2023-04-14 15:19:55",,,,,4,,"2023-03-14 16:28:32","2023-04-14 15:19:55",Naxxramas,Tokens
wishlist,"Naxx Roster",Henk,Henk,Rogue,0,,,9,"Desecrated Bracers",22355,0,,"2023-03-16 11:54:15",,,,,3,,"2023-03-14 16:28:32","2023-03-16 11:54:15",Naxxramas,Tokens
wishlist,"Naxx Roster",Henk,Henk,Rogue,0,,,10,"Band of Unnatural Forces",23038,0,,,,,,,2,,"2023-03-29 18:05:56","2023-03-29 18:05:56",Naxxramas,Loatheb
wishlist,"Naxx Roster",Henk,Henk,Rogue,0,,,11,"Shroud of Dominion",23045,0,,,,,,,2,,"2023-03-29 18:05:56","2023-03-29 18:05:56",Naxxramas,Sapphiron
wishlist,"Naxx Roster",Henk,Henk,Rogue,0,,,12,"Kiss of the Spider",22954,0,,,,,,,1,,"2023-03-29 18:05:56","2023-03-29 18:05:56",Naxxramas,Maexxna
wishlist,"Naxx Roster",Henk,Henk,Rogue,0,,,13,"Slayer's Crest",23041,0,,,,,,,1,,"2023-03-29 18:05:56","2023-03-29 18:05:56",Naxxramas,Sapphiron
wishlist,"Naxx Roster",Henk,Henk,Rogue,0,,,14,"Nerubian Slavemaker",22812,0,,,,,,,2,,"2023-03-29 18:05:56","2023-03-29 18:05:56",Naxxramas,Kel'Thuzad
wishlist,"Naxx Roster",Henk,Henk,Rogue,0,,,15,"Desecrated Waistguard",22356,0,,"2023-03-31 18:33:17",,,,,4,,"2023-03-29 18:05:56","2023-03-31 18:33:17",Naxxramas,Tokens
wishlist,"Naxx Roster",Buzzerbeater/Highway,Highway,Warrior,0,,,1,"Advanced Target Dummy",4392,0,,,,,,,,,"2023-03-31 21:14:23","2023-03-31 21:14:23",,
wishlist,"Naxx Roster",Buzzerbeater/Highway,Highway,Warrior,0,,,2,"Advanced Target Dummy",4392,0,,,,,,,,,"2023-03-31 21:14:23","2023-03-31 21:14:23",,
wishlist,"Naxx Roster",Buzzerbeater/Highway,Highway,Warrior,0,,,3,"Advanced Target Dummy",4392,0,,,,,,,,,"2023-03-31 21:14:23","2023-03-31 21:14:23",,
wishlist,"Naxx Roster",Buzzerbeater/Highway,Highway,Warrior,0,,,4,"Band of Unnatural Forces",23038,0,,,,,,,2,,"2023-03-31 21:14:23","2023-03-31 21:14:23",Naxxramas,Loatheb
wishlist,"Naxx Roster",Buzzerbeater/Highway,Highway,Warrior,0,,,5,"Gressil, Dawn of Ruin",23054,0,,,,,,,2,,"2023-03-31 21:14:23","2023-03-31 21:14:23",Naxxramas,Kel'Thuzad
wishlist,"Naxx Roster",Buzzerbeater/Highway,Highway,Warrior,0,,,6,"Slayer's Crest",23041,0,,,,,,,1,,"2023-03-31 21:14:23","2023-03-31 21:14:23",Naxxramas,Sapphiron
wishlist,"Naxx Roster",Buzzerbeater/Highway,Highway,Warrior,0,,,7,"Advanced Target Dummy",4392,0,,,,,,,,,"2023-05-24 13:35:10","2023-05-24 13:35:10",,
wishlist,"Naxx Roster",Buzzerbeater/Highway,Highway,Warrior,0,,,8,"Girdle of the Mentor",23219,0,,,,,,,3,,"2023-05-24 13:35:10","2023-05-24 13:35:10",Naxxramas,Razuvious
wishlist,"Naxx Roster",Buzzerbeater/Highway,Highway,Warrior,0,,,9,"Advanced Target Dummy",4392,0,,,,,,,,,"2023-05-24 13:35:10","2023-05-24 13:35:10",,
wishlist,"Naxx Roster",Buzzerbeater/Highway,Highway,Warrior,0,,,10,"Advanced Target Dummy",4392,0,,,,,,,,,"2023-05-24 13:35:10","2023-05-24 13:35:10",,
wishlist,"Naxx Roster",Buzzerbeater/Highway,Highway,Warrior,0,,,11,"Might of the Scourge",23548,0,,"2023-06-30 12:04:58",,,,,2,,"2023-05-24 13:35:10","2023-06-30 12:04:59",Naxxramas,Sapphiron
wishlist,"Naxx Roster",Buzzerbeater/Highway,Highway,Warrior,0,,,12,"Advanced Target Dummy",4392,0,,,,,,,,,"2023-05-24 13:35:10","2023-05-24 13:35:10",,
wishlist,"Naxx Roster",Buzzerbeater/Highway,Highway,Warrior,0,,,13,"Advanced Target Dummy",4392,0,,,,,,,,,"2023-05-24 13:35:10","2023-05-24 13:35:10",,
wishlist,"Naxx Roster",Buzzerbeater/Highway,Highway,Warrior,0,,,14,"Advanced Target Dummy",4392,0,,,,,,,,,"2023-05-24 13:35:10","2023-05-24 13:35:10",,
wishlist,"Naxx Roster",Buzzerbeater/Highway,Highway,Warrior,0,,,15,"The Hungering Cold",23577,0,,,,,,,2,,"2023-05-24 13:35:10","2023-05-24 13:35:10",Naxxramas,Kel'Thuzad
wishlist,"Naxx Roster",Hipí,Hiptaikuri,Mage,0,,"Hipís main toon",1,Doomfinger,22821,0,,"2023-06-09 22:09:20",,,,,2,,"2023-05-03 18:41:51","2023-06-09 22:09:20",Naxxramas,Kel'Thuzad
wishlist,"Naxx Roster",Hipí,Hiptaikuri,Mage,0,,"Hipís main toon",2,"Frostfire Ring",23062,0,,"2023-05-12 21:05:35",,,,,3,,"2023-05-03 18:41:51","2023-05-12 21:05:35",Naxxramas,Tokens
wishlist,"Naxx Roster",Hipí,Hiptaikuri,Mage,0,,"Hipís main toon",2,"Frostfire Ring",23062,0,,"2023-05-12 21:05:35",,,,,3,,"2023-05-03 18:41:51","2023-05-12 21:05:35",Naxxramas,Kel'Thuzad
wishlist,"Naxx Roster",Hipí,Hiptaikuri,Mage,0,,"Hipís main toon",3,"Desecrated Circlet",22367,0,,"2023-05-05 17:34:04",,,,,3,,"2023-05-03 18:41:51","2023-05-05 17:34:04",Naxxramas,Tokens
wishlist,"Naxx Roster",Hipí,Hiptaikuri,Mage,0,,"Hipís main toon",3,"Desecrated Circlet",22367,0,,"2023-05-05 17:34:04",,,,,3,,"2023-05-03 18:41:51","2023-05-05 17:34:04",Naxxramas,Thaddius
wishlist,"Naxx Roster",Hipí,Hiptaikuri,Mage,0,,"Hipís main toon",4,"The Soul Harvester's Bindings",23021,0,,"2023-05-25 16:17:55",,,,,3,,"2023-05-03 18:41:51","2023-05-25 16:17:55",Naxxramas,Gothik
wishlist,"Naxx Roster",Hipí,Hiptaikuri,Mage,0,,"Hipís main toon",5,"The Restrained Essence of Sapphiron",23046,0,,,,,,,3,,"2023-05-03 18:41:51","2023-05-03 18:41:51",Naxxramas,Sapphiron
wishlist,"Naxx Roster",Hipí,Hiptaikuri,Mage,0,,"Hipís main toon",6,"Rime Covered Mantle",22983,0,,"2023-06-14 18:19:42",,,,,2,,"2023-05-03 18:41:51","2023-06-14 18:19:42",Naxxramas,Gluth
wishlist,"Naxx Roster",Hipí,Hiptaikuri,Mage,0,,"Hipís main toon",7,"Gem of Trapped Innocents",23057,0,,,,,,,3,,"2023-05-03 18:41:51","2023-05-03 18:41:51",Naxxramas,Kel'Thuzad
wishlist,"Naxx Roster",Hipí,Hiptaikuri,Mage,0,,"Hipís main toon",8,"Desecrated Robe",22351,0,,"2023-05-05 17:34:04",,,,,3,,"2023-05-03 18:41:51","2023-05-05 17:34:04",Naxxramas,Tokens
wishlist,"Naxx Roster",Hipí,Hiptaikuri,Mage,0,,"Hipís main toon",8,"Desecrated Robe",22351,0,,"2023-05-05 17:34:04",,,,,3,,"2023-05-03 18:41:51","2023-05-05 17:34:04",Naxxramas,"Four Horsemen"
wishlist,"Naxx Roster",Hipí,Hiptaikuri,Mage,0,,"Hipís main toon",9,"Cloak of the Necropolis",23050,0,,,,,,,2,,"2023-05-03 18:41:51","2023-05-03 18:41:51",Naxxramas,Sapphiron
wishlist,"Naxx Roster",Hipí,Hiptaikuri,Mage,0,,"Hipís main toon",10,"Power of the Scourge",23545,0,,,,,,,2,,"2023-06-14 18:19:42","2023-06-14 18:19:42",Naxxramas,Sapphiron
wishlist,"Naxx Roster",Huntard,Huntard,Hunter,0,,,1,"The Eye of Nerub",23039,0,,"2023-04-06 15:41:40",,,,,3,,"2023-02-01 19:04:58","2023-04-06 15:41:40",Naxxramas,Loatheb
wishlist,"Naxx Roster",Huntard,Huntard,Hunter,0,,,2,"Cryptstalker Headpiece",22438,0,,"2023-02-23 20:53:23",,,,,,,"2023-02-01 19:04:58","2023-02-23 20:53:23",,
wishlist,"Naxx Roster",Huntard,Huntard,Hunter,0,,,3,"Cryptstalker Tunic",22436,0,,"2023-03-05 23:53:44",,,,,,,"2023-02-01 19:04:58","2023-03-05 23:53:44",,
wishlist,"Naxx Roster",Huntard,Huntard,Hunter,0,,,4,"Cryptstalker Boots",22440,0,,"2023-02-23 20:53:23",,,,,,,"2023-02-01 19:04:58","2023-02-23 20:53:23",,
wishlist,"Naxx Roster",Huntard,Huntard,Hunter,0,,,5,"Nerubian Slavemaker",22812,0,,,,,,,2,,"2023-03-10 18:11:09","2023-03-10 18:11:09",Naxxramas,Kel'Thuzad
wishlist,"Naxx Roster",Huntard,Huntard,Hunter,0,,,6,"Stormrage's Talisman of Seething",23053,0,,,,,,,2,,"2023-03-10 18:11:09","2023-03-10 18:11:09",Naxxramas,Kel'Thuzad
wishlist,"Naxx Roster",Huntard,Huntard,Hunter,0,,,7,"Band of Reanimation",22961,0,,"2023-04-06 15:41:40",,,,,3,,"2023-03-10 18:11:09","2023-04-06 15:41:40",Naxxramas,Patchwerk
wishlist,"Naxx Roster",Huntard,Huntard,Hunter,0,,,8,"Ring of the Cryptstalker",23067,0,,"2023-05-02 23:21:56",,,,,3,,"2023-03-15 13:00:42","2023-05-02 23:21:56",Naxxramas,Tokens
wishlist,"Naxx Roster",Huntard,Huntard,Hunter,0,,,8,"Ring of the Cryptstalker",23067,0,,"2023-05-02 23:21:56",,,,,3,,"2023-03-15 13:00:42","2023-05-02 23:21:56",Naxxramas,Kel'Thuzad
wishlist,"Naxx Roster",Huntard,Huntard,Hunter,0,,,9,"The Phylactery of Kel'Thuzad",22520,0,,"2023-05-07 11:53:01",,,,,2,,"2023-03-15 13:00:42","2023-05-07 11:53:01",Naxxramas,Kel'Thuzad
wishlist,"Naxx Roster",Huntard,Huntard,Hunter,0,,,10,"Might of the Scourge",23548,0,,,,,,,2,,"2023-04-07 17:14:53","2023-04-07 17:14:53",Naxxramas,Sapphiron
wishlist,"Naxx Roster",Jagto,Jagto,Warlock,0,,,1,"Band of the Inevitable",23031,0,,,,,,,3,,"2023-04-19 18:08:08","2023-04-19 18:08:08",Naxxramas,Noth
wishlist,"Naxx Roster",Jagto,Jagto,Warlock,0,,,2,"The Restrained Essence of Sapphiron",23046,0,,,,,,,3,,"2023-04-19 18:08:08","2023-04-19 18:08:08",Naxxramas,Sapphiron
wishlist,"Naxx Roster",Jagto,Jagto,Warlock,0,,,3,"Advanced Target Dummy",4392,0,,,,,,,,,"2023-04-19 18:08:08","2023-04-19 18:08:08",,
wishlist,"Naxx Roster",Jagto,Jagto,Warlock,0,,,4,"Advanced Target Dummy",4392,0,,,,,,,,,"2023-04-19 18:08:08","2023-04-19 18:08:08",,
wishlist,"Naxx Roster",Jagto,Jagto,Warlock,0,,,5,"Advanced Target Dummy",4392,0,,,,,,,,,"2023-04-19 18:08:08","2023-04-19 18:08:08",,
wishlist,"Naxx Roster",Jagto,Jagto,Warlock,0,,,6,"Cloak of the Necropolis",23050,0,,,,,,,2,,"2023-04-19 18:08:08","2023-04-19 18:08:08",Naxxramas,Sapphiron
wishlist,"Naxx Roster",Jefferry/gaary/seejay,Jefferry,Priest,0,,,1,"Warmth of Forgiveness",23027,0,"changed from weapon due to atiesh","2023-02-25 18:01:37",,,,,4,,"2023-02-07 22:24:08","2023-02-25 18:01:37",Naxxramas,"Four Horsemen"
wishlist,"Naxx Roster",Jefferry/gaary/seejay,Jefferry,Priest,0,,,2,"Eye of the Dead",23047,0,,"2023-03-14 14:34:39",,,,,2,,"2023-02-01 16:21:16","2023-03-14 14:34:40",Naxxramas,Sapphiron
wishlist,"Naxx Roster",Jefferry/gaary/seejay,Jefferry,Priest,0,,,3,"Cloak of Suturing",22960,0,"changed from weapon due to atiesh","2023-03-31 18:33:17",,,,,3,,"2023-02-07 22:24:08","2023-03-31 18:33:17",Naxxramas,Patchwerk
wishlist,"Naxx Roster",Jefferry/gaary/seejay,Jefferry,Priest,0,,,4,"Wand of the Whispering Dead",23009,0,"changed from weapon due to atiesh",,,,,,3,,"2023-02-07 22:24:08","2023-02-07 22:24:08",Naxxramas,Razuvious
wishlist,"Naxx Roster",Lernaut/Tranule,Lernaut,Warlock,0,,,1,"Brimstone Staff",22800,0,,"2023-02-25 19:33:52",,,,,3,,"2023-02-03 15:32:55","2023-02-25 19:33:52",Naxxramas,Loatheb
wishlist,"Naxx Roster",Lernaut/Tranule,Lernaut,Warlock,0,,,2,"Seal of the Damned",23025,0,,"2023-05-02 23:21:56",,,,,3,,"2023-02-03 15:32:55","2023-05-02 23:21:56",Naxxramas,"Four Horsemen"
wishlist,"Naxx Roster",Lernaut/Tranule,Lernaut,Warlock,0,,,3,"Cloak of the Necropolis",23050,0,,"2023-02-25 19:33:52",,,,,2,,"2023-02-03 15:32:55","2023-02-25 19:33:52",Naxxramas,Sapphiron
wishlist,"Naxx Roster",Lernaut/Tranule,Lernaut,Warlock,0,,,4,"Gem of Trapped Innocents",23057,0,,"2023-02-17 21:27:21",,,,,3,,"2023-02-03 15:32:55","2023-02-17 21:27:21",Naxxramas,Kel'Thuzad
wishlist,"Naxx Roster",Lernaut/Tranule,Lernaut,Warlock,0,,,5,"Plagueheart Robe",22504,0,,"2023-03-18 20:35:49",,,,,,,"2023-02-25 19:33:52","2023-03-18 20:35:49",,
wishlist,"Naxx Roster",Lernaut/Tranule,Lernaut,Warlock,0,,,6,"Sapphiron's Left Eye",23049,0,,,,,,,2,,"2023-04-14 15:24:10","2023-04-14 15:24:10",Naxxramas,Sapphiron
wishlist,"Naxx Roster",Lernaut/Tranule,Lernaut,Warlock,0,,,7,"Advanced Target Dummy",4392,0,,,,,,,,,"2023-04-14 15:24:10","2023-04-14 15:24:10",,
wishlist,"Naxx Roster",Lernaut/Tranule,Lernaut,Warlock,0,,,8,"Advanced Target Dummy",4392,0,,,,,,,,,"2023-04-14 15:24:10","2023-04-14 15:24:10",,
wishlist,"Naxx Roster",Lernaut/Tranule,Lernaut,Warlock,0,,,9,"Advanced Target Dummy",4392,0,,,,,,,,,"2023-04-14 15:24:10","2023-04-14 15:24:10",,
wishlist,"Naxx Roster",Lernaut/Tranule,Lernaut,Warlock,0,,,10,"The Phylactery of Kel'Thuzad",22520,0,,"2023-06-09 22:09:20",,,,,2,,"2023-04-14 15:24:10","2023-06-09 22:09:20",Naxxramas,Kel'Thuzad
wishlist,"Naxx Roster",Liabala,Liabala,Warrior,0,,,1,"Advanced Target Dummy",4392,0,,,,,,,,,"2023-02-17 21:20:44","2023-02-17 21:20:44",,
wishlist,"Naxx Roster",Liabala,Liabala,Warrior,0,,,2,"The Hungering Cold",23577,1,,,,,,,2,,"2023-01-29 14:13:05","2023-05-10 09:31:02",Naxxramas,Kel'Thuzad
wishlist,"Naxx Roster",Liabala,Liabala,Warrior,0,,,3,"Kiss of the Spider",22954,0,,"2023-06-30 12:04:58",,,,,1,,"2023-01-29 14:13:05","2023-06-30 12:04:58",Naxxramas,Maexxna
wishlist,"Naxx Roster",Liabala,Liabala,Warrior,0,,,4,"Slayer's Crest",23041,0,,,,,,,1,,"2023-04-07 17:52:05","2023-04-07 17:52:05",Naxxramas,Sapphiron
wishlist,"Naxx Roster",Liabala,Liabala,Warrior,0,,,5,"Shroud of Dominion",23045,0,,,,,,,2,,"2023-04-07 17:52:05","2023-04-07 17:52:05",Naxxramas,Sapphiron
wishlist,"Naxx Roster",Liabala,Liabala,Warrior,0,,,6,"Stormrage's Talisman of Seething",23053,0,,,,,,,2,,"2023-04-07 17:52:05","2023-04-07 17:52:05",Naxxramas,Kel'Thuzad
wishlist,"Naxx Roster",Liabala,Liabala,Warrior,0,,,7,"Might of the Scourge",23548,0,,"2023-05-12 21:05:35",,,,,2,,"2023-04-07 17:52:05","2023-05-12 21:05:35",Naxxramas,Sapphiron
wishlist,"Naxx Roster",Littlek,Littlestar,Druid,0,,,1,"Kiss of the Spider",22954,0,,"2023-05-05 17:34:04",,,,,1,,"2023-02-01 15:14:02","2023-05-05 17:34:04",Naxxramas,Maexxna
wishlist,"Naxx Roster",Littlek,Littlestar,Druid,0,,,2,"The End of Dreams",22988,0,,"2023-02-08 15:35:16",,,,,3,,"2023-02-01 15:14:02","2023-02-08 15:35:16",Naxxramas,Grobbulus
wishlist,"Naxx Roster",Littlek,Littlestar,Druid,0,,,3,"Band of Unnatural Forces",23038,0,,"2023-04-26 19:03:15",,,,,2,,"2023-02-01 15:14:02","2023-04-26 19:03:15",Naxxramas,Loatheb
wishlist,"Naxx Roster",Littlemundatv/Krobian/Lucker,Lucker,Paladin,0,,,1,"Hammer of the Twisting Nether",23056,0,,,,,,,2,,"2023-02-03 17:22:24","2023-02-03 17:22:24",Naxxramas,Kel'Thuzad
wishlist,"Naxx Roster",Littlemundatv/Krobian/Lucker,Lucker,Paladin,0,,,3,"Warmth of Forgiveness",23027,0,,"2023-04-12 18:13:14",,,,,4,,"2023-02-03 17:22:24","2023-04-12 18:13:14",Naxxramas,"Four Horsemen"
wishlist,"Naxx Roster",Littlemundatv/Krobian/Lucker,Lucker,Paladin,0,,,4,"Eye of the Dead",23047,0,,,,,,,2,,"2023-02-03 17:22:24","2023-02-03 17:22:24",Naxxramas,Sapphiron
wishlist,"Naxx Roster",Markofmir,Markofmir,Paladin,0,,,1,"Might of Menethil",22798,0,,"2023-03-14 14:34:39",,,,,3,,"2023-02-01 17:35:03","2023-03-14 14:34:40",Naxxramas,Kel'Thuzad
wishlist,"Naxx Roster",Markofmir,Markofmir,Paladin,0,,,2,"Girdle of the Mentor",23219,0,,,,,,,3,,"2023-02-01 17:35:03","2023-02-01 17:35:03",Naxxramas,Razuvious
wishlist,"Naxx Roster",Markofmir,Markofmir,Paladin,0,,,3,"Band of Unnatural Forces",23038,0,,"2023-05-10 22:46:39",,,,,2,,"2023-02-01 17:35:03","2023-05-10 22:46:39",Naxxramas,Loatheb
wishlist,"Naxx Roster",Markofmir,Markofmir,Paladin,0,,,4,"Slayer's Crest",23041,0,,,,,,,1,,"2023-02-01 17:35:03","2023-02-01 17:35:03",Naxxramas,Sapphiron
wishlist,"Naxx Roster",Masserati,Masserati,Paladin,0,,,1,"Redemption Headpiece",22428,0,,,,,,,,,"2023-06-21 15:57:17","2023-06-21 15:57:17",,
wishlist,"Naxx Roster",Masserati,Masserati,Paladin,0,,,2,"The Widow's Embrace",22942,0,,,,,,,3,,"2023-06-21 15:57:17","2023-06-21 15:57:17",Naxxramas,Faerlina
wishlist,"Naxx Roster",Masserati,Masserati,Paladin,0,,,3,"Redemption Tunic",22425,0,,"2023-06-28 13:05:36",,,,,,,"2023-06-21 15:57:17","2023-06-28 13:05:36",,
wishlist,"Naxx Roster",Masserati,Masserati,Paladin,0,,,4,"Redemption Spaulders",22429,0,,"2023-06-30 12:04:58",,,,,,,"2023-06-21 15:57:17","2023-06-30 12:04:59",,
wishlist,"Naxx Roster",Menisk,Menisk,Rogue,0,,,2,"Might of the Scourge",23548,0,,"2023-02-25 18:01:37",,,,,2,,"2023-02-01 15:56:23","2023-02-25 18:01:37",Naxxramas,Sapphiron
wishlist,"Naxx Roster",Menisk,Menisk,Rogue,0,,,4,"Nerubian Slavemaker",22812,0,,,,,,,2,,"2023-02-01 15:56:23","2023-02-01 15:56:23",Naxxramas,Kel'Thuzad
wishlist,"Naxx Roster",Morsid,Morsid,Warlock,0,,,1,"Wand of Fates",22820,0,,,,,,,3,,"2023-02-03 15:34:10","2023-02-03 15:34:10",Naxxramas,Patchwerk
wishlist,"Naxx Roster",Morsid,Morsid,Warlock,0,,,2,"Power of the Scourge",23545,0,,"2023-02-06 16:44:15",,,,,2,,"2023-02-03 15:34:10","2023-02-06 16:44:15",Naxxramas,Sapphiron
wishlist,"Naxx Roster",Morsid,Morsid,Warlock,0,,,3,"Wraith Blade",22807,0,,"2023-02-03 15:34:10",,,,,1,,"2023-02-03 15:34:10","2023-02-03 15:34:10",Naxxramas,Maexxna
wishlist,"Naxx Roster",Morsid,Morsid,Warlock,0,,,4,"Plagueheart Robe",22504,0,,"2023-02-25 18:01:37",,,,,,,"2023-02-19 14:05:12","2023-02-25 18:01:37",,
wishlist,"Naxx Roster",Heimdallr,Nightstrider,Paladin,0,,,1,"Corrupted Ashbringer",22691,0,,"2023-06-01 14:53:27",,,,,3,,"2023-02-01 16:38:06","2023-06-01 14:53:27",Naxxramas,"Four Horsemen"
wishlist,"Naxx Roster",Heimdallr,Nightstrider,Paladin,0,,,2,"Wristguards of Vengeance",22936,0,,"2023-05-25 16:17:55",,,,,3,,"2023-02-01 16:38:06","2023-05-25 16:17:55",Naxxramas,Anub'Rekhan
wishlist,"Naxx Roster",Heimdallr,Nightstrider,Paladin,0,,,3,"Might of the Scourge",23548,0,,"2023-03-14 14:34:39",,,,,2,,"2023-02-01 16:38:06","2023-03-14 14:34:40",Naxxramas,Sapphiron
wishlist,"Naxx Roster",Heimdallr,Nightstrider,Paladin,0,,,4,"Might of Menethil",22798,0,,"2023-04-12 18:13:14",,,,,3,,"2023-02-01 16:38:06","2023-04-12 18:13:14",Naxxramas,Kel'Thuzad
wishlist,"Naxx Roster",Heimdallr,Nightstrider,Paladin,0,,,5,"The Phylactery of Kel'Thuzad",22520,0,,"2023-03-18 20:35:49",,,,,2,,"2023-03-12 17:17:51","2023-03-18 20:35:49",Naxxramas,Kel'Thuzad
wishlist,"Naxx Roster",Heimdallr,Nightstrider,Paladin,0,,,6,"Shield of Condemnation",22819,1,,"2023-05-12 17:36:49",,,,,3,,"2023-03-29 17:58:11","2023-05-12 17:36:49",Naxxramas,Kel'Thuzad
wishlist,"Naxx Roster",Heimdallr,Nightstrider,Paladin,0,,,7,"Eye of the Dead",23047,0,,,,,,,2,,"2023-05-12 17:36:49","2023-05-12 17:36:49",Naxxramas,Sapphiron
wishlist,"Naxx Roster",Heimdallr,Nightstrider,Paladin,0,,,8,"Hammer of the Twisting Nether",23056,0,,,,,,,2,,"2023-05-12 17:36:49","2023-05-12 17:36:49",Naxxramas,Kel'Thuzad
wishlist,"Naxx Roster",Heimdallr,Nightstrider,Paladin,0,,,9,"Leggings of the Grand Crusader",23668,0,,,,,,,4,,"2023-06-01 14:53:27","2023-06-01 14:53:27",Naxxramas,Trash
wishlist,"Naxx Roster",Heimdallr,Nightstrider,Paladin,0,,,10,"Spaulders of the Grand Crusader",23667,0,,"2023-06-09 18:55:27",,,,,4,,"2023-06-01 14:53:27","2023-06-09 18:55:27",Naxxramas,Trash
wishlist,"Naxx Roster",Heimdallr,Nightstrider,Paladin,0,,,11,"Band of Unanswered Prayers",22939,0,,,,,,,3,,"2023-06-21 12:52:39","2023-06-21 12:52:39",Naxxramas,Anub'Rekhan
wishlist,"Naxx Roster",emil8174,Normalguy,Warrior,0,,,1,"Advanced Target Dummy",4392,0,,,,,,,,,"2023-04-28 17:01:19","2023-04-28 17:01:19",,
wishlist,"Naxx Roster",emil8174,Normalguy,Warrior,0,,,2,"Advanced Target Dummy",4392,0,,,,,,,,,"2023-04-28 17:01:19","2023-04-28 17:01:19",,
wishlist,"Naxx Roster",emil8174,Normalguy,Warrior,0,,,3,"Corrupted Ashbringer",22691,0,,,,,,,3,,"2023-04-28 17:01:19","2023-04-28 17:01:19",Naxxramas,"Four Horsemen"
wishlist,"Naxx Roster",emil8174,Normalguy,Warrior,0,,,4,"Advanced Target Dummy",4392,0,,,,,,,,,"2023-04-28 17:01:19","2023-04-28 17:01:19",,
wishlist,"Naxx Roster",emil8174,Normalguy,Warrior,0,,,5,"Might of Menethil",22798,0,,,,,,,3,,"2023-04-28 17:01:19","2023-04-28 17:01:19",Naxxramas,Kel'Thuzad
wishlist,"Naxx Roster",emil8174,Normalguy,Warrior,0,,,6,"Advanced Target Dummy",4392,0,,,,,,,,,"2023-04-28 17:01:19","2023-04-28 17:01:19",,
wishlist,"Naxx Roster",emil8174,Normalguy,Warrior,0,,,7,"Advanced Target Dummy",4392,0,,,,,,,,,"2023-04-28 17:01:19","2023-04-28 17:01:19",,
wishlist,"Naxx Roster",emil8174,Normalguy,Warrior,0,,,8,"Advanced Target Dummy",4392,0,,,,,,,,,"2023-04-28 17:01:19","2023-04-28 17:01:19",,
wishlist,"Naxx Roster",emil8174,Normalguy,Warrior,0,,,9,"Advanced Target Dummy",4392,0,,,,,,,,,"2023-04-28 17:01:19","2023-04-28 17:01:19",,
wishlist,"Naxx Roster",emil8174,Normalguy,Warrior,0,,,10,"Advanced Target Dummy",4392,0,,,,,,,,,"2023-04-28 17:01:19","2023-04-28 17:01:19",,
wishlist,"Naxx Roster",emil8174,Normalguy,Warrior,0,,,11,"Shroud of Dominion",23045,0,,,,,,,2,,"2023-04-28 17:01:19","2023-04-28 17:01:19",Naxxramas,Sapphiron
wishlist,"Naxx Roster",emil8174,Normalguy,Warrior,0,,,12,"Advanced Target Dummy",4392,0,,,,,,,,,"2023-04-28 17:01:19","2023-04-28 17:01:19",,
wishlist,"Naxx Roster",emil8174,Normalguy,Warrior,0,,,13,"Advanced Target Dummy",4392,0,,,,,,,,,"2023-04-28 17:01:19","2023-04-28 17:01:19",,
wishlist,"Naxx Roster",emil8174,Normalguy,Warrior,0,,,14,"Advanced Target Dummy",4392,0,,,,,,,,,"2023-04-28 17:01:19","2023-04-28 17:01:19",,
wishlist,"Naxx Roster",emil8174,Normalguy,Warrior,0,,,15,"Nerubian Slavemaker",22812,0,,,,,,,2,,"2023-04-28 17:01:19","2023-04-28 17:01:19",Naxxramas,Kel'Thuzad
wishlist,"Naxx Roster",Palladio,Palladio,Paladin,0,,,1,"Hammer of the Twisting Nether",23056,0,,,,,,,2,,"2023-02-01 19:13:35","2023-02-07 09:15:01",Naxxramas,Kel'Thuzad
wishlist,"Naxx Roster",Palladio,Palladio,Paladin,0,,,2,"Eye of the Dead",23047,0,,"2023-06-09 22:09:20",,,,,2,,"2023-02-01 19:13:35","2023-06-09 22:09:20",Naxxramas,Sapphiron
wishlist,"Naxx Roster",Palladio,Palladio,Paladin,0,,,3,"Shield of Condemnation",22819,0,,"2023-02-25 18:01:37",,,,,3,,"2023-02-01 19:13:35","2023-02-25 18:01:37",Naxxramas,Kel'Thuzad
wishlist,"Naxx Roster",Palladio,Palladio,Paladin,0,,,4,"Desecrated Tunic",22350,0,,"2023-03-05 23:53:44",,,,,3,,"2023-02-22 17:59:44","2023-03-05 23:53:44",Naxxramas,Tokens
wishlist,"Naxx Roster",Palladio,Palladio,Paladin,0,,,4,"Desecrated Tunic",22350,0,,"2023-03-05 23:53:44",,,,,3,,"2023-02-22 17:59:44","2023-03-05 23:53:44",Naxxramas,"Four Horsemen"
wishlist,"Naxx Roster",Palladio,Palladio,Paladin,0,,,5,"Might of Menethil",22798,0,,,,,,,3,,"2023-04-19 18:09:28","2023-04-19 18:09:28",Naxxramas,Kel'Thuzad
wishlist,"Naxx Roster",Palladio,Palladio,Paladin,0,,,6,"Warmth of Forgiveness",23027,0,,,,,,,4,,"2023-04-19 18:09:28","2023-04-19 18:09:28",Naxxramas,"Four Horsemen"
wishlist,"Naxx Roster",Petanker,Petanker,Warrior,0,,,1,"The Hungering Cold",23577,0,,"2023-05-12 21:05:35",,,,,2,,"2023-02-01 15:11:44","2023-05-12 21:05:35",Naxxramas,Kel'Thuzad
wishlist,"Naxx Roster",Petanker,Petanker,Warrior,0,,,2,"Advanced Target Dummy",4392,0,,,,,,,,,"2023-02-15 23:58:24","2023-02-16 10:47:46",,
wishlist,"Naxx Roster",Petanker,Petanker,Warrior,0,,,3,"Gressil, Dawn of Ruin",23054,0,,"2023-05-07 11:53:01",,,,,2,,"2023-04-07 17:18:39","2023-05-07 11:53:01",Naxxramas,Kel'Thuzad
wishlist,"Naxx Roster",Petanker,Petanker,Warrior,0,,,4,"Wristguards of Vengeance",22936,0,,"2023-05-05 17:34:04",,,,,3,,"2023-02-15 23:55:51","2023-05-05 17:34:04",Naxxramas,Anub'Rekhan
wishlist,"Naxx Roster",Petanker,Petanker,Warrior,0,,,5,"Kiss of the Spider",22954,0,,,,,,,1,,"2023-04-07 17:18:39","2023-04-07 17:18:39",Naxxramas,Maexxna
wishlist,"Naxx Roster",Petanker,Petanker,Warrior,0,,,6,"Band of Unnatural Forces",23038,0,,,,,,,2,,"2023-04-07 17:18:39","2023-04-07 17:18:39",Naxxramas,Loatheb
wishlist,"Naxx Roster",Petanker,Petanker,Warrior,0,,,7,"Stormrage's Talisman of Seething",23053,0,,,,,,,2,,"2023-04-07 17:18:39","2023-04-07 17:18:39",Naxxramas,Kel'Thuzad
wishlist,"Naxx Roster",Petanker,Petanker,Warrior,0,,,8,"Legplates of Carnage",23068,0,,,,,,,2,,"2023-04-07 17:18:39","2023-04-07 17:18:39",Naxxramas,Heigan
wishlist,"Naxx Roster",Petanker,Petanker,Warrior,0,,,9,"Shroud of Dominion",23045,0,,,,,,,2,,"2023-04-07 17:18:39","2023-04-07 17:18:39",Naxxramas,Sapphiron
wishlist,"Naxx Roster",Petanker,Petanker,Warrior,0,,,10,"The Phylactery of Kel'Thuzad",22520,0,,"2023-06-05 15:18:26",,,,,2,,"2023-04-07 17:18:39","2023-06-05 15:18:26",Naxxramas,Kel'Thuzad
wishlist,"Naxx Roster",Petanker,Petanker,Warrior,0,,,11,"Slayer's Crest",23041,0,,,,,,,1,,"2023-04-07 17:18:39","2023-04-07 17:18:39",Naxxramas,Sapphiron
wishlist,"Naxx Roster",Petanker,Petanker,Warrior,0,,,12,"The Face of Death",23043,0,,"2023-04-12 18:13:14",,,,,3,,"2023-04-07 17:18:39","2023-04-12 18:13:14",Naxxramas,Sapphiron
wishlist,"Naxx Roster",Petanker,Petanker,Warrior,0,,,13,"Plated Abomination Ribcage",23000,0,,"2023-05-18 09:31:07",,,,,3,,"2023-04-07 17:18:39","2023-05-18 09:31:07",Naxxramas,Thaddius
wishlist,"Naxx Roster",Phóbie,Phóbie,Rogue,0,,,1,"Slayer's Crest",23041,0,,"2023-02-17 21:27:21",,,,,1,,"2023-02-01 17:20:07","2023-02-17 21:27:21",Naxxramas,Sapphiron
wishlist,"Naxx Roster",Phóbie,Phóbie,Rogue,0,,,2,Kingsfall,22802,0,,,,,,,2,,"2023-02-07 09:23:51","2023-02-07 09:23:51",Naxxramas,Kel'Thuzad
wishlist,"Naxx Roster",Phóbie,Phóbie,Rogue,0,,,3,"Kiss of the Spider",22954,0,,,,,,,1,,"2023-02-01 17:20:07","2023-02-07 09:23:51",Naxxramas,Maexxna
wishlist,"Naxx Roster",Phóbie,Phóbie,Rogue,0,,,4,"Band of Unnatural Forces",23038,0,,,,,,,2,,"2023-02-01 17:20:07","2023-02-07 09:23:51",Naxxramas,Loatheb
wishlist,"Naxx Roster",Phóbie,Phóbie,Rogue,0,,,5,"Bonescythe Ring",23060,0,,"2023-06-05 15:18:26",,,,,3,,"2023-05-12 21:32:11","2023-06-05 15:18:26",Naxxramas,Tokens
wishlist,"Naxx Roster",Phóbie,Phóbie,Rogue,0,,,5,"Bonescythe Ring",23060,0,,"2023-06-05 15:18:26",,,,,3,,"2023-05-12 21:32:11","2023-06-05 15:18:26",Naxxramas,Kel'Thuzad
wishlist,"Naxx Roster",Phóbie,Phóbie,Rogue,0,,,6,"Advanced Target Dummy",4392,0,,,,,,,,,"2023-05-12 17:08:10","2023-05-12 17:08:10",,
wishlist,"Naxx Roster",Phóbie,Phóbie,Rogue,0,,,7,"Might of the Scourge",23548,0,,"2023-06-09 22:09:20",,,,,2,,"2023-05-12 17:08:10","2023-06-09 22:09:20",Naxxramas,Sapphiron
wishlist,"Naxx Roster",Phóbie,Phóbie,Rogue,0,,,8,"Advanced Target Dummy",4392,0,,,,,,,,,"2023-05-12 17:08:48","2023-05-12 17:08:48",,
wishlist,"Naxx Roster",Phóbie,Phóbie,Rogue,0,,,9,"Advanced Target Dummy",4392,0,,,,,,,,,"2023-05-12 17:08:10","2023-05-12 17:08:10",,
wishlist,"Naxx Roster",Phóbie,Phóbie,Rogue,0,,,10,"The Phylactery of Kel'Thuzad",22520,0,,,,,,,2,,"2023-05-12 17:08:10","2023-05-12 17:09:06",Naxxramas,Kel'Thuzad
wishlist,"Naxx Roster",Rosie,Rosie,Priest,0,,,1,"Desecrated Robe",22351,0,,"2023-02-25 18:01:37",,,,,3,,"2023-02-08 19:10:47","2023-02-25 18:01:37",Naxxramas,Tokens
wishlist,"Naxx Roster",Rosie,Rosie,Priest,0,,,1,"Desecrated Robe",22351,0,,"2023-02-25 18:01:37",,,,,3,,"2023-02-08 19:10:47","2023-02-25 18:01:37",Naxxramas,"Four Horsemen"
wishlist,"Naxx Roster",Rosie,Rosie,Priest,0,,,2,"Desecrated Gloves",22371,0,,"2023-03-24 18:45:39",,,,,4,,"2023-02-08 19:10:47","2023-03-24 18:45:39",Naxxramas,Tokens
wishlist,"Naxx Roster",Rosie,Rosie,Priest,0,,,2,"Desecrated Gloves",22371,0,,"2023-03-24 18:45:39",,,,,4,,"2023-02-08 19:10:47","2023-03-24 18:45:39",Naxxramas,Maexxna
wishlist,"Naxx Roster",Rosie,Rosie,Priest,0,,,3,"Sapphiron's Right Eye",23048,0,,"2023-03-18 20:35:49",,,,,2,,"2023-03-10 17:18:15","2023-03-18 20:35:49",Naxxramas,Sapphiron
wishlist,"Naxx Roster",Rosie,Rosie,Priest,0,,,4,"Necklace of Necropsy",23036,0,,"2023-05-18 09:31:07",,,,,3,,"2023-03-29 18:04:12","2023-05-18 09:31:07",Naxxramas,Heigan
wishlist,"Naxx Roster",Rosie,Rosie,Priest,0,,,5,"Warmth of Forgiveness",23027,0,,,,,,,4,,"2023-03-29 18:04:12","2023-03-29 18:04:12",Naxxramas,"Four Horsemen"
wishlist,"Naxx Roster","Rubble (Kel)",Rubble,Hunter,0,,,1,"Nerubian Slavemaker",22812,0,,,,,,,2,,"2023-02-01 19:00:37","2023-02-01 19:00:37",Naxxramas,Kel'Thuzad
wishlist,"Naxx Roster","Rubble (Kel)",Rubble,Hunter,0,,,2,Kingsfall,22802,0,,,,,,,2,,"2023-02-01 19:00:37","2023-02-01 19:00:37",Naxxramas,Kel'Thuzad
wishlist,"Naxx Roster","Rubble (Kel)",Rubble,Hunter,0,,,3,"Iblis, Blade of the Fallen Seraph",23014,0,,"2023-04-06 15:41:40",,,,,2,,"2023-02-01 19:00:37","2023-04-06 15:41:40",Naxxramas,Razuvious
wishlist,"Naxx Roster","Rubble (Kel)",Rubble,Hunter,0,,,4,"Slayer's Crest",23041,0,,"2023-05-07 11:53:01",,,,,1,,"2023-02-01 19:00:37","2023-05-07 11:53:01",Naxxramas,Sapphiron
wishlist,"Naxx Roster","Rubble (Kel)",Rubble,Hunter,0,,,5,"Ring of the Cryptstalker",23067,0,,"2023-04-12 18:13:14",,,,,3,,"2023-03-17 18:06:49","2023-04-12 18:13:14",Naxxramas,Tokens
wishlist,"Naxx Roster","Rubble (Kel)",Rubble,Hunter,0,,,5,"Ring of the Cryptstalker",23067,0,,"2023-04-12 18:13:14",,,,,3,,"2023-03-17 18:06:49","2023-04-12 18:13:14",Naxxramas,Kel'Thuzad
wishlist,"Naxx Roster","Rubble (Kel)",Rubble,Hunter,0,,,6,"Might of the Scourge",23548,0,,"2023-05-02 23:21:56",,,,,2,,"2023-03-31 21:07:11","2023-05-02 23:21:56",Naxxramas,Sapphiron
wishlist,"Naxx Roster","Rubble (Kel)",Rubble,Hunter,0,,,7,"Advanced Target Dummy",4392,0,,,,,,,,,"2023-03-31 21:17:52","2023-03-31 21:17:52",,
wishlist,"Naxx Roster","Rubble (Kel)",Rubble,Hunter,0,,,8,"Advanced Target Dummy",4392,0,,,,,,,,,"2023-03-31 21:17:52","2023-03-31 21:17:52",,
wishlist,"Naxx Roster","Rubble (Kel)",Rubble,Hunter,0,,,9,"The Phylactery of Kel'Thuzad",22520,0,,"2023-05-02 23:21:56",,,,,2,,"2023-03-31 21:07:11","2023-05-02 23:21:56",Naxxramas,Kel'Thuzad
wishlist,"Naxx Roster",Ruby,Ruby,Warlock,0,,,1,"The Restrained Essence of Sapphiron",23046,0,,,,,,,3,,"2023-02-08 19:16:44","2023-02-08 19:16:44",Naxxramas,Sapphiron
wishlist,"Naxx Roster",Ruby,Ruby,Warlock,0,,,2,"Cloak of the Necropolis",23050,0,,,,,,,2,,"2023-02-08 19:16:44","2023-02-08 19:16:44",Naxxramas,Sapphiron
wishlist,"Naxx Roster",Saleeh,Saleeh,Hunter,0,,,1,"Nerubian Slavemaker",22812,0,,"2023-03-05 23:53:44",,,,,2,,"2023-02-01 16:01:14","2023-03-05 23:53:44",Naxxramas,Kel'Thuzad
wishlist,"Naxx Roster",Saleeh,Saleeh,Hunter,0,,,2,"Shroud of Dominion",23045,0,,,,,,,2,,"2023-02-01 16:01:14","2023-02-01 16:01:14",Naxxramas,Sapphiron
wishlist,"Naxx Roster",Saleeh,Saleeh,Hunter,0,,,3,Kingsfall,22802,0,,,,,,,2,,"2023-02-01 16:01:14","2023-02-01 16:01:14",Naxxramas,Kel'Thuzad
wishlist,"Naxx Roster",Saleeh,Saleeh,Hunter,0,,,4,"Slayer's Crest",23041,0,,,,,,,1,,"2023-02-01 16:01:14","2023-02-01 16:01:14",Naxxramas,Sapphiron
wishlist,"Naxx Roster",,Satsumaman,Paladin,0,,,1,"Advanced Target Dummy",4392,0,,,,,,,,,"2023-06-26 18:35:56","2023-06-26 18:35:56",,
wishlist,"Naxx Roster",,Satsumaman,Paladin,0,,,2,"Advanced Target Dummy",4392,0,,,,,,,,,"2023-06-26 18:35:56","2023-06-26 18:35:56",,
wishlist,"Naxx Roster",,Satsumaman,Paladin,0,,,3,"Corrupted Ashbringer",22691,0,,,,,,,3,,"2023-06-26 18:35:56","2023-06-26 18:35:56",Naxxramas,"Four Horsemen"
wishlist,"Naxx Roster",,Satsumaman,Paladin,0,,,4,"Redemption Spaulders",22429,0,,"2023-07-16 16:51:10",,,,,,,"2023-06-26 18:35:56","2023-07-16 16:51:10",,
wishlist,"Naxx Roster",,Satsumaman,Paladin,0,,,5,"Might of Menethil",22798,0,,,,,,,3,,"2023-06-26 18:35:56","2023-06-26 18:35:56",Naxxramas,Kel'Thuzad
wishlist,"Naxx Roster",,Satsumaman,Paladin,0,,,6,"Redemption Tunic",22425,0,,"2023-06-30 12:04:58",,,,,,,"2023-06-26 18:35:56","2023-06-30 12:04:59",,
wishlist,"Naxx Roster",,Satsumaman,Paladin,0,,,7,"Eye of the Dead",23047,0,,,,,,,2,,"2023-06-26 18:35:56","2023-06-26 18:35:56",Naxxramas,Sapphiron
wishlist,"Naxx Roster",,Satsumaman,Paladin,0,,,8,"Girdle of the Mentor",23219,0,,,,,,,3,,"2023-06-26 18:35:56","2023-06-26 18:35:56",Naxxramas,Razuvious
wishlist,"Naxx Roster",,Satsumaman,Paladin,0,,,9,"Cloak of the Necropolis",23050,0,,"2023-06-30 12:04:58",,,,,2,,"2023-06-26 18:35:56","2023-06-30 12:04:59",Naxxramas,Sapphiron
wishlist,"Naxx Roster",,Satsumaman,Paladin,0,,,10,"Hammer of the Twisting Nether",23056,0,,,,,,,2,,"2023-06-26 18:35:56","2023-06-26 18:35:56",Naxxramas,Kel'Thuzad
wishlist,"Naxx Roster",,Satsumaman,Paladin,0,,,11,"Advanced Target Dummy",4392,0,,,,,,,,,"2023-06-26 18:35:56","2023-06-26 18:35:56",,
wishlist,"Naxx Roster",,Satsumaman,Paladin,0,,,12,"Advanced Target Dummy",4392,0,,,,,,,,,"2023-06-26 18:35:56","2023-06-26 18:35:56",,
wishlist,"Naxx Roster",,Satsumaman,Paladin,0,,,13,"Redemption Boots",22430,0,,"2023-06-28 13:05:36",,,,,,,"2023-06-26 18:35:56","2023-06-28 13:05:36",,
wishlist,"Naxx Roster",,Satsumaman,Paladin,0,,,14,"Redemption Legguards",22427,0,,,,,,,,,"2023-06-26 18:35:56","2023-06-26 18:35:56",,
wishlist,"Naxx Roster",,Satsumaman,Paladin,0,,,15,"The Face of Death",23043,0,,,,,,,3,,"2023-06-26 18:35:56","2023-06-26 18:35:56",Naxxramas,Sapphiron
wishlist,"Naxx Roster",,Satsumaman,Paladin,0,,,16,"Wristguards of Vengeance",22936,0,,,,,,,3,,"2023-06-26 18:35:56","2023-06-26 18:35:56",Naxxramas,Anub'Rekhan
wishlist,"Naxx Roster",,Satsumaman,Paladin,0,,,17,"The End of Dreams",22988,0,,,,,,,3,,"2023-06-26 18:35:56","2023-06-26 18:35:56",Naxxramas,Grobbulus
wishlist,"Naxx Roster",,Satsumaman,Paladin,0,,,18,"Ring of Redemption",23066,0,,,,,,,4,,"2023-06-26 18:35:56","2023-06-26 18:35:56",Naxxramas,Tokens
wishlist,"Naxx Roster",,Satsumaman,Paladin,0,,,18,"Ring of Redemption",23066,0,,,,,,,4,,"2023-06-26 18:35:56","2023-06-26 18:35:56",Naxxramas,Kel'Thuzad
wishlist,"Naxx Roster",,Satsumaman,Paladin,0,,,19,"Cryptfiend Silk Cloak",22938,0,,"2023-06-30 12:04:58",,,,,2,,"2023-06-26 18:35:56","2023-06-30 12:04:58",Naxxramas,Anub'Rekhan
wishlist,"Naxx Roster",,Satsumaman,Paladin,0,,,20,"Gluth's Missing Collar",22981,0,,"2023-07-16 16:51:10",,,,,4,,"2023-06-26 18:35:56","2023-07-16 16:51:10",Naxxramas,Gluth
wishlist,"Naxx Roster",,Satsumaman,Paladin,0,,,21,"Death's Bargain",23075,0,,,,,,,3,,"2023-06-26 18:35:56","2023-06-26 18:35:56",Naxxramas,Gluth
wishlist,"Naxx Roster",,Satsumaman,Paladin,0,,,22,"Glyph of Deflection",23040,0,,,,,,,3,,"2023-06-26 18:35:56","2023-06-26 18:35:56",Naxxramas,Sapphiron
wishlist,"Naxx Roster",Shania,Shania,Priest,0,,,1,"The Restrained Essence of Sapphiron",23046,0,,,,,,,3,,"2023-02-10 14:27:28","2023-02-10 14:27:28",Naxxramas,Sapphiron
wishlist,"Naxx Roster",Shania,Shania,Priest,0,,,2,"The End of Dreams",22988,0,,"2023-04-14 15:19:55",,,,,3,,"2023-02-10 14:27:28","2023-04-14 15:19:55",Naxxramas,Grobbulus
wishlist,"Naxx Roster",Shania,Shania,Priest,0,,,3,Soulseeker,22799,0,,"2023-04-12 18:13:14",,,,,3,,"2023-02-10 14:27:28","2023-04-12 18:13:14",Naxxramas,Kel'Thuzad
wishlist,"Naxx Roster",Shania,Shania,Priest,0,,,4,"Leggings of Polarity",23070,0,,,,,,,2,,"2023-02-14 22:09:21","2023-02-14 22:09:21",Naxxramas,Thaddius
wishlist,"Naxx Roster",Shania,Shania,Priest,0,,,5,"Warmth of Forgiveness",23027,0,,,,,,,4,,"2023-04-14 17:23:00","2023-04-14 17:23:00",Naxxramas,"Four Horsemen"
wishlist,"Naxx Roster",Shania,Shania,Priest,0,,,6,"Cloak of the Necropolis",23050,0,,"2023-06-05 15:18:26",,,,,2,,"2023-04-14 17:23:00","2023-06-05 15:18:26",Naxxramas,Sapphiron
wishlist,"Naxx Roster",Shania,Shania,Priest,0,,,7,"Preceptor's Hat",23035,0,,,,,,,4,,"2023-04-14 17:23:00","2023-04-14 17:23:00",Naxxramas,Heigan
wishlist,"Naxx Roster",Shania,Shania,Priest,0,,,8,"Wand of Fates",22820,0,,,,,,,3,,"2023-04-14 17:23:00","2023-04-14 17:23:00",Naxxramas,Patchwerk
wishlist,"Naxx Roster",Sheeris,Sheeris,Paladin,0,,,1,"Kiss of the Spider",22954,1,,,,,,,1,,"2023-02-01 16:25:25","2023-05-10 09:32:32",Naxxramas,Maexxna
wishlist,"Naxx Roster",Sheeris,Sheeris,Paladin,0,,,2,"Band of Unnatural Forces",23038,0,,,,,,,2,,"2023-02-01 16:25:25","2023-02-01 16:25:25",Naxxramas,Loatheb
wishlist,"Naxx Roster",Sheeris,Sheeris,Paladin,0,,,3,"Corrupted Ashbringer",22691,0,,"2023-03-10 17:15:14",,,,,3,,"2023-02-01 16:25:25","2023-03-10 17:15:14",Naxxramas,"Four Horsemen"
wishlist,"Naxx Roster",Sheeris,Sheeris,Paladin,0,,,4,"Might of Menethil",22798,0,,"2023-03-31 20:55:37",,,,,3,,"2023-02-01 16:25:25","2023-03-31 20:55:37",Naxxramas,Kel'Thuzad
wishlist,"Naxx Roster",poker123456,Siloh,Mage,0,,,1,"The Restrained Essence of Sapphiron",23046,0,,,,,,,3,,"2023-02-08 19:06:34","2023-02-08 19:06:34",Naxxramas,Sapphiron
wishlist,"Naxx Roster",poker123456,Siloh,Mage,0,,,2,"Cloak of the Necropolis",23050,0,,,,,,,2,,"2023-02-08 19:06:34","2023-02-08 19:06:34",Naxxramas,Sapphiron
wishlist,"Naxx Roster",poker123456,Siloh,Mage,0,,,3,"Advanced Target Dummy",4392,0,,,,,,,,,"2023-02-17 19:48:57","2023-02-17 19:48:57",,
wishlist,"Naxx Roster",poker123456,Siloh,Mage,0,,,4,"Advanced Target Dummy",4392,0,,,,,,,,,"2023-02-17 19:48:57","2023-02-17 19:48:57",,
wishlist,"Naxx Roster",poker123456,Siloh,Mage,0,,,5,"Desecrated Shoulderpads",22368,0,,"2023-02-23 20:53:23",,,,,3,,"2023-02-08 19:06:34","2023-02-23 20:53:23",Naxxramas,Tokens
wishlist,"Naxx Roster",poker123456,Siloh,Mage,0,,,6,"Desecrated Circlet",22367,0,,"2023-03-08 19:43:21",,,,,3,,"2023-02-17 19:46:38","2023-03-08 19:43:21",Naxxramas,Tokens
wishlist,"Naxx Roster",poker123456,Siloh,Mage,0,,,6,"Desecrated Circlet",22367,0,,"2023-03-08 19:43:21",,,,,3,,"2023-02-17 19:46:38","2023-03-08 19:43:21",Naxxramas,Thaddius
wishlist,"Naxx Roster",poker123456,Siloh,Mage,0,,,7,"Desecrated Robe",22351,0,,,,,,,3,,"2023-02-17 19:46:38","2023-02-17 19:48:57",Naxxramas,Tokens
wishlist,"Naxx Roster",poker123456,Siloh,Mage,0,,,7,"Desecrated Robe",22351,0,,,,,,,3,,"2023-02-17 19:46:38","2023-02-17 19:48:57",Naxxramas,"Four Horsemen"
wishlist,"Naxx Roster",poker123456,Siloh,Mage,0,,,8,"Desecrated Sandals",22372,0,,,,,,,4,,"2023-02-17 19:46:38","2023-02-17 19:48:57",Naxxramas,Tokens
wishlist,"Naxx Roster",Slåberg,Slåberg,Warrior,0,,,1,"Widow's Remorse",22806,0,,"2023-03-26 17:00:27",,,,,3,,"2023-02-01 16:33:37","2023-03-26 17:00:27",Naxxramas,Faerlina
wishlist,"Naxx Roster",Slåberg,Slåberg,Warrior,0,,,2,"The Plague Bearer",22818,0,,"2023-03-26 17:00:27",,,,,3,,"2023-02-01 16:33:37","2023-03-26 17:00:27",Naxxramas,Patchwerk
wishlist,"Naxx Roster",Slåberg,Slåberg,Warrior,0,,,3,"Plated Abomination Ribcage",23000,0,,"2023-03-31 18:33:17",,,,,3,,"2023-03-26 17:00:27","2023-03-31 18:33:17",Naxxramas,Thaddius
wishlist,"Naxx Roster",Slåberg,Slåberg,Warrior,0,,,4,"Girdle of the Mentor",23219,0,,,,,,,3,,"2023-03-26 17:00:27","2023-03-26 17:00:27",Naxxramas,Razuvious
wishlist,"Naxx Roster",Snippz,Snippz,Warrior,0,,,1,"Advanced Target Dummy",4392,0,,,,,,,,,"2023-06-14 18:06:02","2023-06-14 18:06:02",,
wishlist,"Naxx Roster",Snippz,Snippz,Warrior,0,,,2,"Plated Abomination Ribcage",23000,0,,"2023-07-16 16:51:10",,,,,3,,"2023-06-14 18:06:02","2023-07-16 16:51:10",Naxxramas,Thaddius
wishlist,"Naxx Roster",Snippz,Snippz,Warrior,0,,,3,"Advanced Target Dummy",4392,0,,,,,,,,,"2023-06-14 18:06:02","2023-06-14 18:06:02",,
wishlist,"Naxx Roster",Snippz,Snippz,Warrior,0,,,4,"Advanced Target Dummy",4392,0,,,,,,,,,"2023-06-14 18:06:02","2023-06-14 18:06:02",,
wishlist,"Naxx Roster",Snippz,Snippz,Warrior,0,,,5,"Gressil, Dawn of Ruin",23054,0,,,,,,,2,,"2023-06-14 18:06:02","2023-06-14 18:06:02",Naxxramas,Kel'Thuzad
wishlist,"Naxx Roster",Snippz,Snippz,Warrior,0,,,6,"Advanced Target Dummy",4392,0,,,,,,,,,"2023-06-14 18:06:02","2023-06-14 18:06:02",,
wishlist,"Naxx Roster",Snippz,Snippz,Warrior,0,,,7,"Advanced Target Dummy",4392,0,,,,,,,,,"2023-06-14 18:06:02","2023-06-14 18:06:02",,
wishlist,"Naxx Roster",Snippz,Snippz,Warrior,0,,,8,"Advanced Target Dummy",4392,0,,,,,,,,,"2023-06-14 18:06:02","2023-06-14 18:06:02",,
wishlist,"Naxx Roster",Snippz,Snippz,Warrior,0,,,9,"Legplates of Carnage",23068,0,,,,,,,2,,"2023-06-14 18:06:02","2023-06-14 18:06:02",Naxxramas,Heigan
wishlist,"Naxx Roster",Snippz,Snippz,Warrior,0,,,10,Soulstring,22811,0,,,,,,,4,,"2023-06-14 18:06:02","2023-06-14 18:06:02",Naxxramas,"Four Horsemen"
wishlist,"Naxx Roster",Snippz,Snippz,Warrior,0,,,11,"Might of the Scourge",23548,0,,"2023-07-16 16:51:10",,,,,2,,"2023-06-14 18:06:02","2023-07-16 16:51:10",Naxxramas,Sapphiron
wishlist,"Naxx Roster",Snippz,Snippz,Warrior,0,,,12,"Kiss of the Spider",22954,0,,,,,,,1,,"2023-06-14 18:06:02","2023-06-14 18:06:02",Naxxramas,Maexxna
wishlist,"Naxx Roster",Snippz,Snippz,Warrior,0,,,13,"Advanced Target Dummy",4392,0,,,,,,,,,"2023-06-14 18:06:02","2023-06-14 18:06:02",,
wishlist,"Naxx Roster",Snippz,Snippz,Warrior,0,,,14,"Advanced Target Dummy",4392,0,,,,,,,,,"2023-06-14 18:06:02","2023-06-14 18:06:02",,
wishlist,"Naxx Roster",Snippz,Snippz,Warrior,0,,,15,"Slayer's Crest",23041,0,,,,,,,1,,"2023-06-14 18:06:02","2023-06-14 18:06:02",Naxxramas,Sapphiron
wishlist,"Naxx Roster",Snippz,Snippz,Warrior,0,,,16,"Wristguards of Vengeance",22936,0,,,,,,,3,,"2023-06-14 18:06:02","2023-06-14 18:06:02",Naxxramas,Anub'Rekhan
wishlist,"Naxx Roster",mdidillon,Stormcrow,Rogue,0,,,1,"Advanced Target Dummy",4392,0,,,,,,,,,"2023-05-24 17:12:22","2023-05-24 17:12:22",,
wishlist,"Naxx Roster",mdidillon,Stormcrow,Rogue,0,,,2,"Advanced Target Dummy",4392,0,,,,,,,,,"2023-05-24 17:12:22","2023-05-24 17:12:22",,
wishlist,"Naxx Roster",mdidillon,Stormcrow,Rogue,0,,,3,"Advanced Target Dummy",4392,0,,,,,,,,,"2023-05-24 17:12:22","2023-05-24 17:12:22",,
wishlist,"Naxx Roster",mdidillon,Stormcrow,Rogue,0,,,4,"Advanced Target Dummy",4392,0,,,,,,,,,"2023-05-24 17:12:22","2023-05-24 17:12:22",,
wishlist,"Naxx Roster",mdidillon,Stormcrow,Rogue,0,,,5,"Gressil, Dawn of Ruin",23054,0,,,,,,,2,,"2023-05-24 17:12:22","2023-05-24 17:12:22",Naxxramas,Kel'Thuzad
wishlist,"Naxx Roster",mdidillon,Stormcrow,Rogue,0,,,6,"Advanced Target Dummy",4392,0,,,,,,,,,"2023-05-24 17:12:22","2023-05-24 17:12:22",,
wishlist,"Naxx Roster",mdidillon,Stormcrow,Rogue,0,,,7,"Advanced Target Dummy",4392,0,,,,,,,,,"2023-05-24 17:12:22","2023-05-24 17:12:22",,
wishlist,"Naxx Roster",mdidillon,Stormcrow,Rogue,0,,,8,"Advanced Target Dummy",4392,0,,,,,,,,,"2023-05-24 17:12:22","2023-05-24 17:12:22",,
wishlist,"Naxx Roster",mdidillon,Stormcrow,Rogue,0,,,9,"Advanced Target Dummy",4392,0,,,,,,,,,"2023-05-24 17:12:22","2023-05-24 17:12:22",,
wishlist,"Naxx Roster",mdidillon,Stormcrow,Rogue,0,,,10,"Advanced Target Dummy",4392,0,,,,,,,,,"2023-05-24 17:12:22","2023-05-24 17:12:22",,
wishlist,"Naxx Roster",mdidillon,Stormcrow,Rogue,0,,,11,"Shroud of Dominion",23045,0,,,,,,,2,,"2023-05-24 17:12:22","2023-05-24 17:12:22",Naxxramas,Sapphiron
wishlist,"Naxx Roster",mdidillon,Stormcrow,Rogue,0,,,12,"Kiss of the Spider",22954,0,,,,,,,1,,"2023-05-24 17:12:22","2023-05-24 17:12:22",Naxxramas,Maexxna
wishlist,"Naxx Roster",mdidillon,Stormcrow,Rogue,0,,,13,"Bonescythe Ring",23060,0,,"2023-06-05 15:18:26",,,,,3,,"2023-05-24 17:12:22","2023-06-05 15:18:26",Naxxramas,Tokens
wishlist,"Naxx Roster",mdidillon,Stormcrow,Rogue,0,,,13,"Bonescythe Ring",23060,0,,"2023-06-05 15:18:26",,,,,3,,"2023-05-24 17:12:22","2023-06-05 15:18:26",Naxxramas,Kel'Thuzad
wishlist,"Naxx Roster",mdidillon,Stormcrow,Rogue,0,,,14,"Advanced Target Dummy",4392,0,,,,,,,,,"2023-05-24 17:13:41","2023-05-24 17:13:41",,
wishlist,"Naxx Roster",mdidillon,Stormcrow,Rogue,0,,,15,"The Hungering Cold",23577,0,,,,,,,2,,"2023-05-24 17:12:22","2023-05-24 17:13:41",Naxxramas,Kel'Thuzad
wishlist,"Naxx Roster",mdidillon,Stormcrow,Rogue,0,,,16,"Nerubian Slavemaker",22812,0,,,,,,,2,,"2023-05-24 17:12:22","2023-05-24 17:13:41",Naxxramas,Kel'Thuzad
wishlist,"Naxx Roster",Sveppur,Sveppur,Rogue,0,,,1,Kingsfall,22802,0,,"2023-03-29 18:36:50",,,,,2,,"2023-02-08 19:44:51","2023-03-29 18:36:50",Naxxramas,Kel'Thuzad
wishlist,"Naxx Roster",Sveppur,Sveppur,Rogue,0,,,2,"Band of Unnatural Forces",23038,0,,"2023-03-29 18:41:22",,,,,2,,"2023-03-29 18:41:22","2023-03-29 18:41:22",Naxxramas,Loatheb
wishlist,"Naxx Roster",Sveppur,Sveppur,Rogue,0,,,3,"Bonescythe Breastplate",22476,0,,,,,,,,,"2023-03-29 18:36:50","2023-03-29 18:41:22",,
wishlist,"Naxx Roster",Sveppur,Sveppur,Rogue,0,,,4,"Bonescythe Ring",23060,0,,,,,,,3,,"2023-05-10 16:17:45","2023-05-10 16:17:45",Naxxramas,Tokens
wishlist,"Naxx Roster",Sveppur,Sveppur,Rogue,0,,,4,"Bonescythe Ring",23060,0,,,,,,,3,,"2023-05-10 16:17:45","2023-05-10 16:17:45",Naxxramas,Kel'Thuzad
wishlist,"Naxx Roster",Sveppur,Sveppur,Rogue,0,,,5,"Bonescythe Waistguard",22482,0,,"2023-05-18 09:31:07",,,,,,,"2023-05-10 16:17:45","2023-05-18 09:31:07",,
wishlist,"Naxx Roster",Sveppur,Sveppur,Rogue,0,,,6,"Advanced Target Dummy",4392,0,,,,,,,,,"2023-05-10 16:17:45","2023-05-10 16:17:45",,
wishlist,"Naxx Roster",Sveppur,Sveppur,Rogue,0,,,7,"Might of the Scourge",23548,0,,,,,,,2,,"2023-05-10 16:17:45","2023-05-10 16:17:45",Naxxramas,Sapphiron
wishlist,"Naxx Roster",Sylerx,Sylêrx,Paladin,0,,,2,"Might of Menethil",22798,0,,"2023-02-01 15:47:29",,,,,3,,"2023-02-01 15:47:29","2023-02-01 15:47:29",Naxxramas,Kel'Thuzad
wishlist,"Naxx Roster",Sylerx,Sylêrx,Paladin,0,,,3,"Eye of the Dead",23047,0,,,,,,,2,,"2023-02-01 15:47:29","2023-02-01 15:47:29",Naxxramas,Sapphiron
wishlist,"Naxx Roster",Sylerx,Sylêrx,Paladin,0,,,4,"Shield of Condemnation",22819,0,,"2023-03-14 14:34:39",,,,,3,,"2023-02-01 15:47:29","2023-03-14 14:34:40",Naxxramas,Kel'Thuzad
wishlist,"Naxx Roster",Tobias-Klasse,Tobiaspala,Paladin,0,,,1,"Hammer of the Twisting Nether",23056,0,,,,,,,2,,"2023-02-01 16:28:13","2023-02-01 16:28:13",Naxxramas,Kel'Thuzad
wishlist,"Naxx Roster",Tobias-Klasse,Tobiaspala,Paladin,0,,,2,"Eye of the Dead",23047,0,,"2023-02-25 18:01:37",,,,,2,,"2023-02-01 16:28:13","2023-02-25 18:01:37",Naxxramas,Sapphiron
wishlist,"Naxx Roster",Tobias-Klasse,Tobiaspala,Paladin,0,,,3,"Corrupted Ashbringer",22691,1,,"2023-06-28 13:05:36",,,,,3,,"2023-02-01 16:28:13","2023-06-28 13:05:36",Naxxramas,"Four Horsemen"
wishlist,"Naxx Roster",Tobias-Klasse,Tobiaspala,Paladin,0,,,4,"Necklace of Necropsy",23036,0,,"2023-06-21 12:48:11",,,,,3,,"2023-02-01 16:28:13","2023-06-21 12:48:11",Naxxramas,Heigan
wishlist,"Naxx Roster",Turecki,Turecki,Druid,0,,,1,"Kiss of the Spider",22954,0,,"2023-05-28 18:25:14",,,,,1,,"2023-02-05 23:41:52","2023-05-28 18:25:14",Naxxramas,Maexxna
wishlist,"Naxx Roster",Turecki,Turecki,Druid,0,,,2,"Band of Unanswered Prayers",22939,1,,,,,,,3,,"2023-03-28 15:34:49","2023-03-28 15:34:49",Naxxramas,Anub'Rekhan
wishlist,"Naxx Roster",Turecki,Turecki,Druid,0,,,3,"Cloak of Suturing",22960,1,,"2023-05-25 16:17:55",,,,,3,,"2023-05-03 18:31:35","2023-05-25 16:17:55",Naxxramas,Patchwerk
wishlist,"Naxx Roster",Turecki,Turecki,Druid,0,,,4,"Necklace of Necropsy",23036,1,,,,,,,3,,"2023-05-28 18:25:14","2023-05-28 18:25:14",Naxxramas,Heigan
wishlist,"Naxx Roster",Upsydaisy/Yojojo,Upsydaisy,Mage,0,,,1,"The Restrained Essence of Sapphiron",23046,0,,"2023-03-31 12:18:53",,,,,3,,"2023-03-31 12:18:53","2023-03-31 12:18:53",Naxxramas,Sapphiron
wishlist,"Naxx Roster",Upsydaisy/Yojojo,Upsydaisy,Mage,0,,,2,"Sapphiron's Left Eye",23049,0,,,,,,,2,,"2023-02-01 16:12:22","2023-03-31 12:18:53",Naxxramas,Sapphiron
wishlist,"Naxx Roster",Upsydaisy/Yojojo,Upsydaisy,Mage,0,,,3,"Leggings of Polarity",23070,0,,,,,,,2,,"2023-02-01 16:12:22","2023-03-31 12:18:53",Naxxramas,Thaddius
wishlist,"Naxx Roster",Upsydaisy/Yojojo,Upsydaisy,Mage,0,,,4,"Rime Covered Mantle",22983,0,,"2023-03-16 11:54:15",,,,,2,,"2023-02-01 16:12:22","2023-03-31 12:18:53",Naxxramas,Gluth
wishlist,"Naxx Roster",Upsydaisy/Yojojo,Upsydaisy,Mage,0,,,5,"The Phylactery of Kel'Thuzad",22520,0,,"2023-03-31 20:55:37",,,,,2,,"2023-03-23 17:48:41","2023-03-31 20:55:37",Naxxramas,Kel'Thuzad
wishlist,"Naxx Roster",Upsydaisy/Yojojo,Upsydaisy,Mage,0,,,6,"Cloak of the Necropolis",23050,0,,"2023-04-12 18:13:14",,,,,2,,"2023-03-23 17:48:41","2023-04-12 18:13:14",Naxxramas,Sapphiron
wishlist,"Naxx Roster",Upsydaisy/Yojojo,Upsydaisy,Mage,0,,,7,"Frostfire Ring",23062,0,,,,,,,3,,"2023-05-31 12:41:42","2023-05-31 12:41:42",Naxxramas,Tokens
wishlist,"Naxx Roster",Upsydaisy/Yojojo,Upsydaisy,Mage,0,,,7,"Frostfire Ring",23062,0,,,,,,,3,,"2023-05-31 12:41:42","2023-05-31 12:41:42",Naxxramas,Kel'Thuzad
wishlist,"Naxx Roster",Veirani,Veirani,Warrior,0,,,1,"Slayer's Crest",23041,0,,"2023-05-22 18:34:06",,,,,1,,"2023-02-16 00:01:42","2023-05-22 18:34:06",Naxxramas,Sapphiron
wishlist,"Naxx Roster",Veirani,Veirani,Warrior,0,,,2,"Shroud of Dominion",23045,0,,,,,,,2,,"2023-02-16 00:01:42","2023-02-16 00:01:42",Naxxramas,Sapphiron
wishlist,"Naxx Roster",Veirani,Veirani,Warrior,0,,,3,"Hatchet of Sundered Bone",22816,0,,"2023-03-30 19:29:03",,,,,2,,"2023-02-16 00:01:42","2023-03-30 19:29:03",Naxxramas,Noth
wishlist,"Naxx Roster",Veirani,Veirani,Warrior,0,,,4,"Legplates of Carnage",23068,0,,"2023-04-05 13:47:55",,,,,2,,"2023-04-05 13:47:55","2023-04-05 13:47:55",Naxxramas,Heigan
wishlist,"Naxx Roster",Veirani,Veirani,Warrior,0,,,5,"Gressil, Dawn of Ruin",23054,0,,,,,,,2,,"2023-04-05 13:46:49","2023-04-05 13:47:55",Naxxramas,Kel'Thuzad
wishlist,"Naxx Roster",Veirani,Veirani,Warrior,0,,,6,"The Hungering Cold",23577,0,,,,,,,2,,"2023-04-05 13:46:49","2023-04-05 13:47:55",Naxxramas,Kel'Thuzad
wishlist,"Naxx Roster",Veirani,Veirani,Warrior,0,,,7,"Girdle of the Mentor",23219,0,,,,,,,3,,"2023-04-05 13:46:49","2023-04-05 13:47:55",Naxxramas,Razuvious
wishlist,"Naxx Roster",Veirani,Veirani,Warrior,0,,,8,"Wristguards of Vengeance",22936,0,,"2023-04-06 15:41:40",,,,,3,,"2023-04-05 13:46:49","2023-04-06 15:41:40",Naxxramas,Anub'Rekhan
wishlist,"Naxx Roster",Veirani,Veirani,Warrior,0,,,9,"The Phylactery of Kel'Thuzad",22520,0,,"2023-05-12 21:05:35",,,,,2,,"2023-04-05 13:46:49","2023-05-12 21:05:35",Naxxramas,Kel'Thuzad
wishlist,"Naxx Roster",Veirani,Veirani,Warrior,0,,,10,"Might of the Scourge",23548,0,,"2023-06-28 13:05:36",,,,,2,,"2023-04-05 13:46:49","2023-06-28 13:05:36",Naxxramas,Sapphiron
wishlist,"Naxx Roster",Veirani,Veirani,Warrior,0,,,11,"Cryptfiend Silk Cloak",22938,1,,"2023-04-26 19:03:15",,,,,2,,"2023-04-05 13:46:49","2023-04-26 19:03:15",Naxxramas,Anub'Rekhan
wishlist,"Naxx Roster",Veirani,Veirani,Warrior,0,,,12,"Signet of the Fallen Defender",23018,1,,"2023-06-21 12:48:11",,,,,3,,"2023-04-05 13:46:49","2023-06-21 12:48:11",Naxxramas,Razuvious
wishlist,"Naxx Roster",Veirani,Veirani,Warrior,0,,,13,"Glyph of Deflection",23040,1,,"2023-05-12 21:05:35",,,,,3,,"2023-04-05 13:46:49","2023-05-12 21:05:35",Naxxramas,Sapphiron
wishlist,"Naxx Roster",Warelv,Warelv,Warrior,0,,,1,"The Hungering Cold",23577,0,,"2023-02-17 21:27:21",,,,,2,,"2023-02-01 15:12:54","2023-02-17 21:27:21",Naxxramas,Kel'Thuzad
wishlist,"Naxx Roster",Warelv,Warelv,Warrior,0,,,2,"Kiss of the Spider",22954,1,,"2023-06-21 12:48:11",,,,,1,,"2023-02-01 15:12:54","2023-06-21 12:48:11",Naxxramas,Maexxna
wishlist,"Naxx Roster",Warelv,Warelv,Warrior,0,,,3,"Stormrage's Talisman of Seething",23053,1,,"2023-05-02 23:21:56",,,,,2,,"2023-02-01 15:12:54","2023-05-02 23:21:56",Naxxramas,Kel'Thuzad
wishlist,"Naxx Roster",Warelv,Warelv,Warrior,0,,,4,"Gressil, Dawn of Ruin",23054,1,,,,,,,2,,"2023-02-01 15:12:54","2023-02-01 15:12:54",Naxxramas,Kel'Thuzad
wishlist,"Naxx Roster",pigsvomit,Wetpaper,Mage,0,,,1,"Wraith Blade",22807,0,,"2023-04-27 18:28:40",,,,,1,,"2023-04-03 18:36:04","2023-04-27 18:28:40",Naxxramas,Maexxna
wishlist,"Naxx Roster",pigsvomit,Wetpaper,Mage,0,,,2,"Ring of the Eternal Flame",23237,0,,,,,,,3,,"2023-04-03 18:36:04","2023-04-03 18:36:04",Naxxramas,Trash
wishlist,"Naxx Roster",pigsvomit,Wetpaper,Mage,0,,,3,"The Soul Harvester's Bindings",23021,0,,"2023-06-09 22:09:20",,,,,3,,"2023-04-03 18:36:04","2023-06-09 22:09:20",Naxxramas,Gothik
wishlist,"Naxx Roster",pigsvomit,Wetpaper,Mage,0,,,4,Doomfinger,22821,0,,"2023-06-09 22:09:20",,,,,2,,"2023-05-05 17:43:27","2023-06-09 22:09:20",Naxxramas,Kel'Thuzad
wishlist,"Naxx Roster",pigsvomit,Wetpaper,Mage,0,,,5,"Rime Covered Mantle",22983,0,,"2023-05-18 09:31:07",,,,,2,,"2023-04-05 13:43:52","2023-05-18 09:31:07",Naxxramas,Gluth
wishlist,"Naxx Roster",pigsvomit,Wetpaper,Mage,0,,,6,"Cloak of the Necropolis",23050,0,,,,,,,2,,"2023-05-05 17:43:27","2023-05-05 17:43:27",Naxxramas,Sapphiron
wishlist,"Naxx Roster",pigsvomit,Wetpaper,Mage,0,,,7,"Frostfire Ring",23062,0,,,,,,,3,,"2023-05-05 17:43:27","2023-05-05 17:43:27",Naxxramas,Tokens
wishlist,"Naxx Roster",pigsvomit,Wetpaper,Mage,0,,,7,"Frostfire Ring",23062,0,,,,,,,3,,"2023-05-05 17:43:27","2023-05-05 17:43:27",Naxxramas,Kel'Thuzad
wishlist,"Naxx Roster",pigsvomit,Wetpaper,Mage,0,,,8,"Gem of Trapped Innocents",23057,0,,,,,,,3,,"2023-04-14 15:26:20","2023-05-05 17:43:27",Naxxramas,Kel'Thuzad
wishlist,"Naxx Roster",Zwilf,Zwilf,Rogue,0,,,1,"Bonescythe Helmet",22478,0,,"2023-04-14 15:19:55",,,,,,,"2023-03-14 15:12:56","2023-04-14 15:19:55",,
wishlist,"Naxx Roster",Zwilf,Zwilf,Rogue,0,,,2,"Bonescythe Pauldrons",22479,0,,"2023-04-06 15:41:40",,,,,,,"2023-03-14 15:12:56","2023-04-06 15:41:40",,
wishlist,"Naxx Roster",Zwilf,Zwilf,Rogue,0,,,3,"Bonescythe Breastplate",22476,0,,"2023-05-12 21:05:35",,,,,,,"2023-03-14 15:12:56","2023-05-12 21:05:35",,
wishlist,"Naxx Roster",Zwilf,Zwilf,Rogue,0,,,4,"Bonescythe Legplates",22477,0,,"2023-04-06 15:41:40",,,,,,,"2023-03-14 15:12:56","2023-04-06 15:41:40",,
wishlist,"Naxx Roster",Zwilf,Zwilf,Rogue,0,,,5,"Gressil, Dawn of Ruin",23054,0,,,,,,,2,,"2023-03-14 15:12:56","2023-03-14 15:17:12",Naxxramas,Kel'Thuzad
wishlist,"Naxx Roster",Zwilf,Zwilf,Rogue,0,,,6,"Kiss of the Spider",22954,0,,,,,,,1,,"2023-03-14 15:12:56","2023-03-14 15:17:12",Naxxramas,Maexxna
wishlist,"Naxx Roster",Zwilf,Zwilf,Rogue,0,,,7,"Iblis, Blade of the Fallen Seraph",23014,0,,,,,,,2,,"2023-03-14 15:12:56","2023-03-14 15:17:12",Naxxramas,Razuvious
wishlist,"Naxx Roster",Zwilf,Zwilf,Rogue,0,,,8,"Stormrage's Talisman of Seething",23053,0,,,,,,,2,,"2023-03-14 15:12:56","2023-03-14 15:17:12",Naxxramas,Kel'Thuzad
wishlist,"Naxx Roster",Zwilf,Zwilf,Rogue,0,,,9,"Shroud of Dominion",23045,0,,,,,,,2,,"2023-03-14 15:12:56","2023-03-14 15:17:12",Naxxramas,Sapphiron
wishlist,"Naxx Roster",Zwilf,Zwilf,Rogue,0,,,10,Soulstring,22811,0,,,,,,,4,,"2023-03-14 15:12:56","2023-03-14 15:17:12",Naxxramas,"Four Horsemen"
wishlist,"Naxx Roster",Zwilf,Zwilf,Rogue,0,,,11,"Bonescythe Sabatons",22480,0,,,,,,,,,"2023-03-14 15:12:56","2023-03-14 15:17:12",,
wishlist,"Naxx Roster",Zwilf,Zwilf,Rogue,0,,,12,"Bonescythe Ring",23060,0,,,,,,,3,,"2023-03-14 15:12:56","2023-03-14 15:17:12",Naxxramas,Tokens
wishlist,"Naxx Roster",Zwilf,Zwilf,Rogue,0,,,12,"Bonescythe Ring",23060,0,,,,,,,3,,"2023-03-14 15:12:56","2023-03-14 15:17:12",Naxxramas,Kel'Thuzad
wishlist,"Naxx Roster",Zwilf,Zwilf,Rogue,0,,,13,"Band of Unnatural Forces",23038,0,,,,,,,2,,"2023-03-14 15:12:56","2023-03-14 15:17:12",Naxxramas,Loatheb
